booking_id,passenger_id,flight_id,airport_id,seat_class,amount,currency,booking_date,booking_channel
B037579,P01345,F0112,A065,Economy,138.64,EUR,2025-09-30,website
B037580,P01178,F0670,A048,Economy,131.71,GBP,2025-09-30,travel_agency
B037581,P02167,F0536,A069,Economy,180.85,GBP,2025-09-30,call_center
B037582,P01323,F0560,A023,Premium Economy,313.83,USD,2025-09-30,website
B037583,P01387,F0626,A005,Economy,188.33,USD,2025-09-30,mobile_app
B037584,P00966,F0538,A003,Economy,86.57,USD,2025-09-30,website
B037585,P00575,F0696,A051,Premium Economy,225.04,EUR,2025-09-30,travel_agency
B037586,P00071,F0026,A068,Premium Economy,357.85,USD,2025-09-30,travel_agency
B037587,P00558,F0568,A013,Economy,111.27,EUR,2025-09-30,travel_agency
B037588,P00226,F0647,A069,Economy,144.05,USD,2025-09-30,website
B037589,P01811,F0610,A081,Economy,151.22,USD,2025-09-30,website
B037590,P01878,F0499,A030,Business,783.13,USD,2025-09-30,website
B037591,P01057,F0681,A079,Economy,99.62,GBP,2025-09-30,website
B037592,P00715,F0318,A010,Economy,122.33,USD,2025-09-30,travel_agency
B037593,P00422,F0490,A075,Premium Economy,401.02,EUR,2025-09-30,website
B037594,P02038,F0513,A033,Economy,184.14,USD,2025-09-30,mobile_app
B037595,P00193,F0638,A067,Economy,139.67,EUR,2025-09-30,website
B037596,P02019,F0602,A044,Economy,182.0,EUR,2025-09-30,travel_agency
B037597,P01964,F0288,A015,Economy,86.85,USD,2025-09-30,website
B037598,P01825,F0703,A013,Economy,85.51,USD,2025-09-30,website
B037599,P00583,F0687,A016,Economy,77.29,USD,2025-09-30,mobile_app
B037600,P00514,F0699,A065,Business,996.07,USD,2025-09-30,website
B037601,P00041,F0655,A020,Business,741.26,EUR,2025-09-30,mobile_app
B037602,P00073,F0553,A032,Premium Economy,447.58,USD,2025-09-30,website
B037603,P00789,F0690,A005,Economy,126.22,GBP,2025-09-30,mobile_app
B037604,P00183,F0490,A075,Economy,134.5,USD,2025-09-30,website
B037605,P00041,F0519,A075,Premium Economy,249.32,GBP,2025-09-30,website
B037606,P01251,F0553,A032,Premium Economy,253.85,EUR,2025-09-30,website
B037607,P00186,F0485,A022,Premium Economy,236.1,GBP,2025-09-30,travel_agency
B037608,P01744,F0534,A076,Economy,154.46,USD,2025-09-30,website
B037609,P01499,F0538,A003,Economy,107.73,EUR,2025-09-30,website
B037610,P00689,F0676,A044,Economy,115.46,EUR,2025-09-30,website
B037611,P01986,F0511,A035,Premium Economy,458.27,GBP,2025-09-30,website
B037612,P00600,F0653,A069,Business,1254.53,EUR,2025-09-30,mobile_app
B037613,P01263,F0705,A043,Economy,120.21,EUR,2025-09-30,website
B037614,P00181,F0557,A063,Economy,189.46,USD,2025-09-30,website
B037615,P00764,F0672,A048,Economy,97.73,USD,2025-09-30,website
B037616,P01985,F0664,A055,Premium Economy,417.1,EUR,2025-09-30,call_center
B037617,P01524,F0489,A067,Economy,162.02,EUR,2025-09-30,website
B037618,P00399,F0485,A022,Premium Economy,370.29,USD,2025-09-30,website
B037619,P01069,F0689,A051,Premium Economy,342.87,GBP,2025-09-30,mobile_app
B037620,P01663,F0557,A063,Economy,104.17,GBP,2025-09-30,website
B037621,P01599,F0557,A063,Business,1252.17,GBP,2025-09-30,website
B037622,P00094,F0614,A056,Premium Economy,423.42,EUR,2025-09-30,travel_agency
B037623,P01358,F0664,A055,Premium Economy,245.29,EUR,2025-09-30,website
B037624,P00761,F0709,A064,Economy,160.06,USD,2025-09-30,website
B037625,P01709,F0678,A055,Economy,72.37,EUR,2025-09-30,website
B037626,P01021,F0670,A048,Business,1045.98,GBP,2025-09-30,mobile_app
B037627,P01730,F0710,A029,Premium Economy,408.37,USD,2025-09-30,mobile_app
B037628,P01277,F0563,A061,Premium Economy,209.66,EUR,2025-09-30,travel_agency
B037629,P01636,F0711,A033,Economy,148.62,EUR,2025-09-30,website
B037630,P00378,F0516,A055,Economy,168.36,USD,2025-09-30,mobile_app
B037631,P00236,F0589,A002,Premium Economy,223.56,EUR,2025-09-30,travel_agency
B037632,P01715,F0489,A067,Economy,119.65,EUR,2025-09-30,website
B037633,P01659,F0590,A054,Business,774.78,GBP,2025-09-30,mobile_app
B037634,P02091,F0616,A049,Economy,170.9,EUR,2025-09-30,travel_agency
B037635,P00763,F0618,A074,Economy,145.86,EUR,2025-09-30,website
B037636,P00553,F0527,A042,Economy,148.81,GBP,2025-09-30,mobile_app
B037637,P00581,F0662,A035,First,2311.44,EUR,2025-09-30,website
B037638,P01916,F0584,A049,Economy,187.34,USD,2025-09-30,travel_agency
B037639,P01864,F0687,A016,Economy,125.56,GBP,2025-09-30,mobile_app
B037640,P01359,F0613,A021,Premium Economy,457.01,USD,2025-09-30,website
B037641,P01500,F0514,A052,Economy,155.19,USD,2025-09-30,website
B037642,P00304,F0619,A038,Economy,149.08,USD,2025-09-30,website
B037643,P00385,F0010,A001,Economy,88.74,USD,2025-09-30,website
B037644,P01640,F0644,A058,Economy,96.9,EUR,2025-09-30,website
B037645,P00947,F0255,A061,Premium Economy,260.63,EUR,2025-09-30,mobile_app
B037646,P00853,F0678,A055,Economy,89.37,EUR,2025-09-30,website
B037647,P01534,F0567,A060,First,1657.89,EUR,2025-09-30,website
B037648,P00826,F0687,A016,Economy,94.63,EUR,2025-09-30,mobile_app
B037649,P02192,F0137,A039,Premium Economy,399.37,EUR,2025-09-30,mobile_app
B037650,P00850,F0605,A067,Premium Economy,430.53,EUR,2025-09-30,mobile_app
B037651,P00382,F0475,A069,Economy,148.06,GBP,2025-09-30,website
B037652,P00247,F0590,A054,Premium Economy,426.62,GBP,2025-09-30,website
B037653,P02191,F0511,A035,Economy,195.39,USD,2025-09-30,call_center
B037654,P00474,F0640,A038,Business,793.59,USD,2025-09-30,travel_agency
B037655,P01404,F0647,A069,Business,783.09,EUR,2025-09-30,website
B037656,P01694,F0518,A025,Economy,131.91,GBP,2025-09-30,website
B037657,P01780,F0573,A031,Economy,134.51,EUR,2025-09-30,travel_agency
B037658,P01819,F0699,A065,Business,968.28,EUR,2025-09-30,call_center
B037659,P01910,F0489,A067,Economy,90.21,EUR,2025-09-30,website
B037660,P00658,F0588,A062,First,2373.32,EUR,2025-09-30,website
B037661,P01625,F0623,A068,Economy,185.6,EUR,2025-09-30,call_center
B037662,P00665,F0611,A012,Economy,163.53,EUR,2025-09-30,mobile_app
B037663,P01660,F0614,A056,First,1685.57,USD,2025-09-30,website
B037664,P01783,F0572,A071,Economy,82.78,GBP,2025-09-30,travel_agency
B037665,P00211,F0666,A038,First,2249.76,USD,2025-09-30,website
B037666,P02024,F0700,A065,Premium Economy,179.98,USD,2025-09-30,mobile_app
B037667,P00002,F0066,A051,Economy,124.2,EUR,2025-09-30,website
B037668,P00724,F0589,A002,Economy,123.91,USD,2025-09-30,website
B037669,P01270,F0701,A046,Economy,148.53,GBP,2025-09-30,call_center
B037670,P01525,F0112,A065,Economy,191.21,USD,2025-09-30,mobile_app
B037671,P01896,F0693,A003,Business,673.9,USD,2025-09-30,mobile_app
B037672,P01286,F0642,A080,Premium Economy,455.5,GBP,2025-09-30,website
B037673,P00156,F0652,A018,Economy,84.86,USD,2025-09-30,call_center
B037674,P00045,F0571,A002,Economy,174.83,EUR,2025-09-30,travel_agency
B037675,P01881,F0573,A031,Economy,110.93,EUR,2025-09-30,website
B037676,P00237,F0568,A013,Business,612.13,EUR,2025-09-30,mobile_app
B037677,P02075,F0703,A013,Economy,154.87,GBP,2025-09-30,website
B037678,P00195,F0551,A060,Business,1137.63,EUR,2025-09-30,website
B037679,P00822,F0598,A001,Economy,168.6,USD,2025-09-30,travel_agency
B037680,P00812,F0444,A046,Business,1045.76,USD,2025-09-30,website
B037681,P00740,F0584,A049,Economy,139.15,USD,2025-09-30,mobile_app
B037682,P00997,F0610,A081,Economy,195.93,EUR,2025-09-30,mobile_app
B037683,P02049,F0625,A067,Economy,119.78,USD,2025-09-30,website
B037684,P01411,F0618,A074,Business,943.35,USD,2025-09-30,mobile_app
B037685,P00706,F0713,A065,Economy,159.81,EUR,2025-09-30,mobile_app
B037686,P00677,F0553,A032,Premium Economy,449.02,EUR,2025-09-30,call_center
B037687,P00448,F0675,A078,Economy,175.26,EUR,2025-09-30,website
B037688,P02126,F0573,A031,Business,566.96,USD,2025-09-30,mobile_app
B037689,P00984,F0489,A067,Premium Economy,385.56,EUR,2025-09-30,mobile_app
B037690,P01236,F0511,A035,Premium Economy,250.24,GBP,2025-09-30,mobile_app
B037691,P00118,F0705,A043,Economy,183.2,GBP,2025-09-30,travel_agency
B037692,P00536,F0497,A074,Economy,129.08,EUR,2025-09-30,website
B037693,P01785,F0513,A033,Business,824.14,EUR,2025-09-30,website
B037694,P01215,F0636,A013,First,1433.75,GBP,2025-09-30,mobile_app
B037695,P00440,F0565,A006,Economy,112.45,USD,2025-09-30,website
B037696,P02124,F0611,A012,First,1743.68,USD,2025-09-30,website
B037697,P00141,F0664,A055,Business,642.74,EUR,2025-09-30,travel_agency
B037698,P00862,F0623,A068,Economy,126.72,EUR,2025-09-30,mobile_app
B037699,P00126,F0647,A069,Economy,140.4,EUR,2025-09-30,mobile_app
B037700,P00623,F0671,A012,Economy,132.04,EUR,2025-09-30,website
B037701,P01140,F0559,A018,Economy,168.02,USD,2025-09-30,website
B037702,P00186,F0571,A002,Business,969.37,EUR,2025-09-30,mobile_app
B037703,P00633,F0707,A021,Economy,157.95,EUR,2025-09-30,website
B037704,P00740,F0559,A018,Premium Economy,313.02,USD,2025-09-30,mobile_app
B037705,P01574,F0626,A005,Economy,75.27,USD,2025-09-30,call_center
B037706,P00924,F0637,A080,First,1790.8,USD,2025-09-30,mobile_app
B037707,P02116,F0714,A012,Economy,190.37,EUR,2025-09-30,mobile_app
B037708,P01736,F0690,A005,Economy,138.53,GBP,2025-09-30,mobile_app
B037709,P01216,F0695,A041,Economy,97.04,EUR,2025-09-30,call_center
B037710,P00744,F0577,A031,Premium Economy,386.64,EUR,2025-09-30,website
B037711,P00242,F0665,A071,Economy,150.61,EUR,2025-09-30,call_center
B037712,P01848,F0710,A029,Economy,75.0,EUR,2025-09-30,website
B037713,P00659,F0549,A041,Economy,105.41,USD,2025-09-30,website
B037714,P00469,F0511,A035,Economy,129.78,EUR,2025-09-30,website
B037715,P01365,F0704,A079,Economy,93.0,EUR,2025-09-30,travel_agency
B037716,P00446,F0588,A062,Economy,88.64,USD,2025-09-30,mobile_app
B037717,P01442,F0711,A033,Economy,92.49,EUR,2025-09-30,mobile_app
B037718,P01589,F0655,A020,Economy,161.04,USD,2025-09-30,website
B037719,P00330,F0712,A060,Economy,155.57,GBP,2025-09-30,mobile_app
B037720,P00394,F0686,A040,Economy,169.38,USD,2025-09-30,travel_agency
B037721,P01776,F0613,A021,Business,1106.11,EUR,2025-09-30,travel_agency
B037722,P00203,F0669,A069,Business,1392.8,EUR,2025-09-30,website
B037723,P01135,F0513,A033,Business,1349.73,USD,2025-09-30,mobile_app
B037724,P00461,F0583,A077,Premium Economy,276.67,EUR,2025-09-30,website
B037725,P00476,F0628,A048,Economy,82.9,EUR,2025-09-30,travel_agency
B037726,P00560,F0656,A081,Economy,141.04,USD,2025-09-30,mobile_app
B037727,P01752,F0683,A035,Economy,179.86,USD,2025-09-30,mobile_app
B037728,P00556,F0700,A065,Economy,110.9,EUR,2025-09-30,website
B037729,P01408,F0499,A030,Premium Economy,337.34,USD,2025-09-30,mobile_app
B037730,P00087,F0533,A013,Economy,84.72,EUR,2025-09-30,mobile_app
B037731,P00074,F0633,A067,Economy,115.84,USD,2025-09-30,website
B037732,P00644,F0636,A013,Premium Economy,414.42,EUR,2025-09-30,travel_agency
B037733,P02214,F0640,A038,Economy,193.72,GBP,2025-09-30,website
B037734,P01173,F0706,A049,Economy,106.49,USD,2025-09-30,website
B037735,P00682,F0620,A055,Business,1236.07,GBP,2025-09-30,travel_agency
B037736,P01553,F0671,A012,Business,1319.9,USD,2025-09-30,mobile_app
B037737,P00452,F0582,A010,Economy,150.58,USD,2025-09-30,website
B037738,P00631,F0619,A038,Economy,113.1,USD,2025-09-30,mobile_app
B037739,P01957,F0596,A066,Economy,129.35,USD,2025-09-30,call_center
B037740,P01527,F0565,A006,Premium Economy,308.59,USD,2025-09-30,travel_agency
B037741,P00538,F0564,A042,Economy,157.33,EUR,2025-09-30,mobile_app
B037742,P01142,F0652,A018,Economy,102.35,USD,2025-09-30,website
B037743,P00130,F0596,A066,Economy,120.31,EUR,2025-09-30,website
B037744,P01268,F0711,A033,Business,972.74,USD,2025-09-30,website
B037745,P00420,F0519,A075,First,1277.96,EUR,2025-09-30,mobile_app
B037746,P01087,F0705,A043,Economy,89.11,EUR,2025-09-30,website
B037747,P01926,F0485,A022,Business,1026.18,EUR,2025-09-30,mobile_app
B037748,P00394,F0605,A067,Business,905.17,USD,2025-09-30,travel_agency
B037749,P00775,F0642,A080,Economy,181.61,EUR,2025-09-30,website
B037750,P00932,F0578,A018,Economy,117.6,USD,2025-09-30,website
B037751,P00676,F0632,A079,Business,825.23,USD,2025-09-30,travel_agency
B037752,P02065,F0673,A038,Economy,102.52,USD,2025-09-30,mobile_app
B037753,P01732,F0485,A022,Economy,92.43,USD,2025-09-30,website
B037754,P01600,F0137,A039,Economy,119.05,EUR,2025-09-30,website
B037755,P01515,F0388,A008,Economy,160.53,USD,2025-09-30,travel_agency
B037756,P01460,F0619,A038,Economy,151.66,GBP,2025-09-30,website
B037757,P01176,F0518,A025,Economy,132.42,GBP,2025-09-30,mobile_app
B037758,P02045,F0638,A067,Economy,89.63,EUR,2025-09-30,mobile_app
B037759,P00403,F0631,A015,Business,963.25,EUR,2025-09-30,website
B037760,P00168,F0711,A033,Economy,176.48,EUR,2025-09-30,travel_agency
B037761,P00197,F0706,A049,Premium Economy,187.91,USD,2025-09-30,mobile_app
B037762,P00453,F0577,A031,Economy,172.54,EUR,2025-09-30,mobile_app
B037763,P01845,F0676,A044,Business,572.57,EUR,2025-09-30,website
B037764,P00958,F0672,A048,Economy,87.14,GBP,2025-09-30,website
B037765,P00835,F0655,A020,Business,922.73,EUR,2025-09-30,travel_agency
B037766,P01379,F0703,A013,Economy,166.24,EUR,2025-09-30,travel_agency
B037767,P00756,F0591,A063,First,1524.13,GBP,2025-09-30,website
B037768,P00680,F0592,A057,Economy,104.98,USD,2025-09-30,mobile_app
B037769,P01886,F0611,A012,Economy,190.59,EUR,2025-09-30,website
B037770,P00271,F0620,A055,Premium Economy,201.81,USD,2025-09-30,website
B037771,P00015,F0572,A071,Economy,173.89,USD,2025-09-30,website
B037772,P01823,F0709,A064,Business,1299.01,USD,2025-09-30,website
B037773,P00717,F0617,A031,Economy,133.79,USD,2025-09-30,travel_agency
B037774,P00444,F0633,A067,Premium Economy,426.82,USD,2025-09-30,website
B037775,P00197,F0622,A008,Premium Economy,342.16,USD,2025-09-30,mobile_app
B037776,P00492,F0594,A062,Economy,85.65,EUR,2025-09-30,website
B037777,P00628,F0605,A067,Premium Economy,354.75,USD,2025-09-30,website
B037778,P00741,F0617,A031,Economy,166.26,EUR,2025-09-30,mobile_app
B037779,P00743,F0658,A034,Premium Economy,250.5,EUR,2025-09-30,website
B037780,P00068,F0549,A041,Economy,101.8,EUR,2025-09-30,website
B037781,P00471,F0559,A018,Economy,89.78,EUR,2025-09-30,website
B037782,P01541,F0676,A044,Economy,168.01,EUR,2025-09-30,website
B037783,P01873,F0664,A055,Premium Economy,294.16,USD,2025-09-30,travel_agency
B037784,P01751,F0571,A002,Economy,74.7,GBP,2025-09-30,travel_agency
B037785,P01719,F0388,A008,Economy,109.27,EUR,2025-09-30,website
B037786,P01583,F0616,A049,Premium Economy,439.88,USD,2025-09-30,mobile_app
B037787,P01168,F0478,A053,Economy,154.58,GBP,2025-09-30,website
B037788,P00883,F0672,A048,Premium Economy,469.35,EUR,2025-09-30,mobile_app
B037789,P01522,F0549,A041,Economy,156.32,USD,2025-09-30,website
B037790,P00959,F0596,A066,Economy,159.33,EUR,2025-09-30,mobile_app
B037791,P01519,F0705,A043,Premium Economy,378.81,EUR,2025-09-30,call_center
B037792,P00260,F0596,A066,Economy,152.44,EUR,2025-09-30,website
B037793,P01059,F0668,A018,First,1259.04,EUR,2025-09-30,mobile_app
B037794,P01438,F0549,A041,First,2793.14,USD,2025-09-30,call_center
B037795,P01139,F0652,A018,Economy,171.97,USD,2025-09-30,website
B037796,P00165,F0633,A067,Economy,158.66,GBP,2025-09-30,travel_agency
B037797,P00586,F0591,A063,Business,670.5,GBP,2025-09-30,mobile_app
B037798,P01909,F0665,A071,Premium Economy,297.78,EUR,2025-09-30,website
B037799,P02169,F0620,A055,Economy,92.74,EUR,2025-09-30,mobile_app
B037800,P01044,F0511,A035,Economy,160.53,GBP,2025-09-30,website
B037801,P00488,F0300,A032,Premium Economy,260.69,EUR,2025-09-30,website
B037802,P00292,F0638,A067,Business,1193.62,GBP,2025-09-30,travel_agency
B037803,P01210,F0595,A005,Economy,80.44,GBP,2025-09-30,website
B037804,P01898,F0316,A073,Business,890.38,EUR,2025-09-30,website
B037805,P00333,F0710,A029,Business,1180.78,EUR,2025-09-30,mobile_app
B037806,P01519,F0671,A012,Economy,177.72,EUR,2025-09-30,travel_agency
B037807,P00729,F0557,A063,Economy,87.36,EUR,2025-09-30,travel_agency
B037808,P00480,F0659,A021,Economy,87.13,USD,2025-09-30,website
B037809,P01697,F0526,A021,Economy,155.3,USD,2025-09-30,website
B037810,P02185,F0491,A017,Premium Economy,477.65,GBP,2025-09-30,website
B037811,P00953,F0618,A074,Economy,110.92,EUR,2025-09-30,travel_agency
B037812,P00499,F0625,A067,Economy,87.91,EUR,2025-09-30,website
B037813,P00444,F0537,A076,Economy,94.14,EUR,2025-09-30,mobile_app
B037814,P00163,F0316,A073,Economy,118.04,EUR,2025-09-30,website
B037815,P00125,F0318,A010,Economy,83.52,USD,2025-09-30,mobile_app
B037816,P01807,F0537,A076,First,3064.3,EUR,2025-09-30,travel_agency
B037817,P01833,F0656,A081,Economy,111.86,USD,2025-09-30,travel_agency
B037818,P01136,F0669,A069,Business,1107.41,EUR,2025-09-30,mobile_app
B037819,P01461,F0536,A069,Economy,167.16,USD,2025-09-30,website
B037820,P01924,F0675,A078,Premium Economy,227.22,EUR,2025-09-30,website
B037821,P02022,F0590,A054,Premium Economy,295.09,EUR,2025-09-30,mobile_app
B037822,P01078,F0300,A032,Business,1193.34,EUR,2025-09-30,website
B037823,P01492,F0705,A043,Economy,74.75,EUR,2025-09-30,website
B037824,P00027,F0643,A066,Premium Economy,347.22,EUR,2025-09-30,website
B037825,P02217,F0513,A033,Business,845.36,EUR,2025-09-30,travel_agency
B037826,P00583,F0592,A057,Economy,83.34,GBP,2025-09-30,travel_agency
B037827,P00074,F0620,A055,Business,640.3,EUR,2025-09-30,website
B037828,P01794,F0527,A042,Economy,197.35,EUR,2025-09-30,website
B037829,P00566,F0675,A078,Economy,135.26,EUR,2025-09-30,mobile_app
B037830,P01254,F0695,A041,Economy,100.28,GBP,2025-09-30,website
B037831,P00034,F0668,A018,Economy,96.09,EUR,2025-09-30,call_center
B037832,P01693,F0527,A042,Economy,129.18,GBP,2025-09-30,website
B037833,P01165,F0570,A064,Economy,126.89,EUR,2025-09-30,mobile_app
B037834,P00363,F0316,A073,Economy,133.2,EUR,2025-09-30,website
B037835,P01604,F0713,A065,Economy,163.14,EUR,2025-09-30,mobile_app
B037836,P01193,F0659,A021,Premium Economy,222.53,USD,2025-09-30,mobile_app
B037837,P01670,F0521,A014,Business,704.29,USD,2025-09-30,website
B037838,P00055,F0668,A018,Economy,77.87,GBP,2025-09-30,mobile_app
B037839,P00208,F0616,A049,Economy,117.91,GBP,2025-09-30,website
B037840,P01075,F0600,A062,Economy,72.04,USD,2025-09-30,website
B037841,P00671,F0617,A031,Economy,182.55,EUR,2025-09-30,travel_agency
B037842,P02124,F0513,A033,Economy,146.14,GBP,2025-09-30,website
B037843,P00707,F0612,A078,Business,581.64,EUR,2025-09-30,website
B037844,P01079,F0570,A064,Economy,104.24,GBP,2025-09-30,mobile_app
B037845,P00144,F0686,A040,Economy,185.01,EUR,2025-09-30,website
B037846,P00314,F0527,A042,Economy,133.11,EUR,2025-09-30,website
B037847,P00516,F0681,A079,Economy,102.89,USD,2025-09-30,website
B037848,P01514,F0583,A077,Premium Economy,411.03,USD,2025-09-30,call_center
B037849,P01065,F0702,A074,Premium Economy,270.97,EUR,2025-09-30,website
B037850,P02003,F0707,A021,Economy,93.2,EUR,2025-09-30,website
B037851,P01814,F0701,A046,Business,1067.96,USD,2025-09-30,website
B037852,P00744,F0638,A067,Economy,106.13,USD,2025-09-30,travel_agency
B037853,P01177,F0658,A034,First,2274.91,EUR,2025-09-30,mobile_app
B037854,P00942,F0563,A061,Economy,127.0,USD,2025-09-30,call_center
B037855,P01362,F0112,A065,Economy,77.27,USD,2025-09-30,travel_agency
B037856,P02141,F0596,A066,First,1850.67,EUR,2025-09-30,website
B037857,P01954,F0636,A013,Economy,135.19,USD,2025-09-30,travel_agency
B037858,P01200,F0578,A018,Premium Economy,199.87,USD,2025-09-30,travel_agency
B037859,P00498,F0639,A076,Economy,75.59,USD,2025-09-30,mobile_app
B037860,P00593,F0714,A012,Economy,123.16,EUR,2025-09-30,travel_agency
B037861,P00747,F0566,A040,Business,723.63,GBP,2025-09-30,mobile_app
B037862,P00529,F0297,A058,Premium Economy,432.66,USD,2025-09-30,website
B037863,P00974,F0550,A073,Economy,89.26,EUR,2025-09-30,website
B037864,P01336,F0670,A048,Economy,168.74,USD,2025-09-30,mobile_app
B037865,P00043,F0478,A053,Economy,178.48,GBP,2025-09-30,website
B037866,P01355,F0678,A055,First,2876.27,EUR,2025-09-30,travel_agency
B037867,P01003,F0682,A016,Economy,123.61,EUR,2025-09-30,mobile_app
B037868,P02116,F0639,A076,Economy,161.0,EUR,2025-09-30,travel_agency
B037869,P01697,F0592,A057,Premium Economy,405.95,EUR,2025-09-30,website
B037870,P00779,F0648,A025,First,1619.54,USD,2025-09-30,website
B037871,P00080,F0710,A029,First,1514.06,GBP,2025-09-30,website
B037872,P01208,F0658,A034,Economy,127.17,EUR,2025-09-30,mobile_app
B037873,P00915,F0549,A041,Economy,76.23,EUR,2025-09-30,mobile_app
B037874,P00877,F0671,A012,Premium Economy,413.54,EUR,2025-09-30,travel_agency
B037875,P00337,F0518,A025,Economy,104.4,USD,2025-09-30,website
B037876,P01925,F0636,A013,Economy,175.62,USD,2025-09-30,website
B037877,P01164,F0702,A074,Economy,157.74,USD,2025-09-30,mobile_app
B037878,P01207,F0584,A049,Economy,72.76,GBP,2025-09-30,mobile_app
B037879,P01277,F0557,A063,Economy,78.51,GBP,2025-09-30,website
B037880,P00384,F0698,A048,Economy,74.97,EUR,2025-09-30,website
B037881,P00954,F0519,A075,Premium Economy,429.85,EUR,2025-09-30,mobile_app
B037882,P00375,F0647,A069,Economy,163.99,EUR,2025-09-30,website
B037883,P00046,F0692,A057,Premium Economy,310.65,EUR,2025-09-30,website
B037884,P00431,F0486,A005,Business,693.74,GBP,2025-09-30,website
B037885,P00718,F0664,A055,Economy,176.94,EUR,2025-09-30,mobile_app
B037886,P01465,F0545,A042,Premium Economy,346.38,USD,2025-09-30,call_center
B037887,P01877,F0475,A069,Economy,86.61,EUR,2025-09-30,website
B037888,P01468,F0685,A068,Economy,129.26,USD,2025-09-30,mobile_app
B037889,P01687,F0491,A017,Economy,83.77,EUR,2025-09-30,website
B037890,P01928,F0701,A046,Business,528.85,EUR,2025-09-30,website
B037891,P02049,F0662,A035,Business,785.95,EUR,2025-09-30,call_center
B037892,P00725,F0636,A013,Economy,77.88,EUR,2025-09-30,website
B037893,P00646,F0582,A010,Economy,147.26,EUR,2025-09-30,travel_agency
B037894,P00215,F0475,A069,Economy,93.89,USD,2025-09-30,travel_agency
B037895,P00789,F0675,A078,First,2167.73,USD,2025-09-30,travel_agency
B037896,P01930,F0603,A062,Premium Economy,194.47,USD,2025-09-30,mobile_app
B037897,P01823,F0549,A041,Economy,194.96,USD,2025-09-30,travel_agency
B037898,P00207,F0680,A007,Economy,114.03,GBP,2025-09-30,mobile_app
B037899,P00512,F0577,A031,Economy,130.51,EUR,2025-09-30,website
B037900,P02122,F0614,A056,Economy,174.49,EUR,2025-09-30,mobile_app
B037901,P00357,F0593,A023,Economy,143.47,USD,2025-09-30,website
B037902,P01116,F0652,A018,Business,1191.43,EUR,2025-09-30,mobile_app
B037903,P02195,F0533,A013,Economy,72.2,EUR,2025-09-30,website
B037904,P01782,F0533,A013,Economy,162.32,EUR,2025-09-30,website
B037905,P00892,F0713,A065,Economy,104.91,EUR,2025-09-30,mobile_app
B037906,P01920,F0550,A073,Business,587.11,EUR,2025-09-30,website
B037907,P01496,F0668,A018,Economy,193.64,EUR,2025-09-30,travel_agency
B037908,P01332,F0596,A066,Economy,106.5,EUR,2025-09-30,website
B037909,P01503,F0499,A030,Economy,148.61,USD,2025-09-30,website
B037910,P01146,F0582,A010,Premium Economy,396.62,GBP,2025-09-30,website
B037911,P01415,F0444,A046,Business,1137.58,GBP,2025-09-30,mobile_app
B037912,P01996,F0687,A016,Premium Economy,326.29,EUR,2025-09-30,website
B037913,P01998,F0639,A076,Premium Economy,181.58,EUR,2025-09-30,travel_agency
B037914,P00523,F0652,A018,Economy,189.26,EUR,2025-09-30,travel_agency
B037915,P00040,F0521,A014,Business,1388.25,EUR,2025-09-30,website
B037916,P01908,F0676,A044,Business,1141.28,USD,2025-09-30,mobile_app
B037917,P00313,F0634,A042,Economy,107.91,EUR,2025-09-30,website
B037918,P01964,F0677,A066,Business,830.58,USD,2025-09-30,website
B037919,P01824,F0653,A069,Premium Economy,251.84,USD,2025-09-30,travel_agency
B037920,P01521,F0638,A067,First,1699.74,GBP,2025-09-30,mobile_app
B037921,P01870,F0671,A012,Economy,167.34,EUR,2025-09-30,website
B037922,P00947,F0701,A046,Premium Economy,465.4,EUR,2025-09-30,mobile_app
B037923,P01775,F0489,A067,Premium Economy,446.46,EUR,2025-09-30,travel_agency
B037924,P00015,F0681,A079,Business,571.15,GBP,2025-09-30,website
B037925,P00642,F0137,A039,Economy,135.46,EUR,2025-09-30,travel_agency
B037926,P01064,F0693,A003,Economy,156.32,EUR,2025-09-30,website
B037927,P00953,F0687,A016,Economy,153.18,GBP,2025-09-30,travel_agency
B037928,P01424,F0598,A001,Premium Economy,202.59,EUR,2025-09-30,call_center
B037929,P01422,F0297,A058,Economy,153.38,USD,2025-09-30,mobile_app
B037930,P01802,F0674,A058,Premium Economy,402.04,EUR,2025-09-30,website
B037931,P01342,F0660,A073,Economy,160.92,EUR,2025-09-30,website
B037932,P01125,F0300,A032,Economy,157.87,EUR,2025-09-30,travel_agency
B037933,P02119,F0318,A010,Premium Economy,380.77,USD,2025-09-30,website
B037934,P00622,F0631,A015,Economy,99.24,GBP,2025-09-30,travel_agency
B037935,P00377,F0570,A064,Premium Economy,323.14,USD,2025-09-30,travel_agency
B037936,P01011,F0316,A073,Economy,114.86,EUR,2025-09-30,call_center
B037937,P00454,F0643,A066,Business,688.25,GBP,2025-09-30,travel_agency
B037938,P01990,F0489,A067,Economy,173.13,USD,2025-09-30,mobile_app
B037939,P00471,F0702,A074,Business,625.47,GBP,2025-09-30,mobile_app
B037940,P01861,F0500,A026,Economy,189.9,EUR,2025-09-30,travel_agency
B037941,P01643,F0688,A019,First,1916.17,GBP,2025-09-30,call_center
B037942,P00922,F0560,A023,Economy,186.47,EUR,2025-09-30,mobile_app
B037943,P01977,F0659,A021,Economy,100.49,USD,2025-09-30,website
B037944,P01423,F0550,A073,Economy,86.85,EUR,2025-09-30,website
B037945,P00580,F0713,A065,Economy,75.48,EUR,2025-09-30,mobile_app
B037946,P01524,F0592,A057,Economy,173.41,USD,2025-09-30,travel_agency
B037947,P02153,F0593,A023,Premium Economy,324.83,USD,2025-09-30,travel_agency
B037948,P01687,F0300,A032,Economy,125.79,EUR,2025-09-30,travel_agency
B037949,P02108,F0112,A065,Economy,150.51,EUR,2025-09-30,mobile_app
B037950,P02061,F0066,A051,Economy,146.1,EUR,2025-09-30,mobile_app
B037951,P01544,F0647,A069,Economy,124.71,USD,2025-09-30,website
B037952,P00728,F0483,A073,Premium Economy,220.77,EUR,2025-09-30,website
B037953,P01034,F0681,A079,Business,1091.08,USD,2025-09-30,website
B037954,P00022,F0550,A073,Premium Economy,334.26,EUR,2025-09-30,travel_agency
B037955,P01992,F0589,A002,Economy,117.56,GBP,2025-09-30,website
B037956,P01409,F0620,A055,Economy,126.43,GBP,2025-09-30,website
B037957,P01701,F0628,A048,Economy,94.14,EUR,2025-09-30,website
B037958,P00482,F0702,A074,Premium Economy,362.2,EUR,2025-09-30,website
B037959,P00825,F0681,A079,Economy,190.66,EUR,2025-09-30,website
B037960,P00484,F0478,A053,Premium Economy,188.88,USD,2025-09-30,mobile_app
B037961,P00891,F0536,A069,Economy,181.59,USD,2025-09-30,mobile_app
B037962,P01762,F0706,A049,Premium Economy,459.9,EUR,2025-09-30,travel_agency
B037963,P00037,F0652,A018,Economy,79.68,USD,2025-09-30,website
B037964,P00427,F0651,A032,Premium Economy,432.35,USD,2025-09-30,mobile_app
B037965,P00865,F0519,A075,Economy,146.05,EUR,2025-09-30,website
B037966,P01789,F0545,A042,Premium Economy,329.88,USD,2025-09-30,website
B037967,P00629,F0626,A005,Economy,93.42,EUR,2025-09-30,travel_agency
B037968,P02168,F0288,A015,Premium Economy,187.89,GBP,2025-09-30,website
B037969,P01273,F0668,A018,Premium Economy,325.57,EUR,2025-09-30,mobile_app
B037970,P02215,F0591,A063,Premium Economy,403.75,EUR,2025-09-30,website
B037971,P01188,F0671,A012,Premium Economy,326.56,EUR,2025-09-30,mobile_app
B037972,P01785,F0593,A023,First,1296.04,USD,2025-09-30,travel_agency
B037973,P00464,F0566,A040,Economy,110.17,EUR,2025-09-30,call_center
B037974,P01497,F0572,A071,Business,955.92,EUR,2025-09-30,call_center
B037975,P01249,F0602,A044,Economy,157.48,EUR,2025-09-30,mobile_app
B037976,P01577,F0636,A013,Premium Economy,362.84,EUR,2025-09-30,call_center
B037977,P00955,F0491,A017,Premium Economy,244.14,EUR,2025-09-30,mobile_app
B037978,P01299,F0523,A013,Economy,142.81,EUR,2025-09-30,mobile_app
B037979,P02113,F0478,A053,First,2942.06,EUR,2025-09-30,website
B037980,P00458,F0490,A075,Economy,161.48,USD,2025-09-30,mobile_app
B037981,P01696,F0616,A049,Economy,75.87,EUR,2025-09-30,mobile_app
B037982,P02163,F0483,A073,Premium Economy,424.88,GBP,2025-09-30,mobile_app
B037983,P00745,F0702,A074,Business,571.86,GBP,2025-09-30,website
B037984,P00722,F0617,A031,Economy,189.13,EUR,2025-09-30,mobile_app
B037985,P00487,F0644,A058,Economy,107.53,USD,2025-09-30,call_center
B037986,P01275,F0137,A039,Economy,192.13,EUR,2025-09-30,website
B037987,P02217,F0630,A022,Economy,187.03,USD,2025-09-30,website
B037988,P00953,F0499,A030,Premium Economy,204.37,USD,2025-09-30,mobile_app
B037989,P00600,F0696,A051,Economy,182.29,GBP,2025-09-30,travel_agency
B037990,P01722,F0608,A002,Economy,95.03,EUR,2025-09-30,call_center
B037991,P01076,F0670,A048,Economy,188.75,USD,2025-09-30,travel_agency
B037992,P01527,F0674,A058,Economy,93.34,USD,2025-09-30,website
B037993,P00412,F0300,A032,Economy,150.88,USD,2025-09-30,call_center
B037994,P01623,F0656,A081,Economy,147.52,EUR,2025-09-30,website
B037995,P01018,F0645,A053,Economy,147.76,USD,2025-09-30,website
B037996,P01587,F0664,A055,Economy,189.68,EUR,2025-09-30,website
B037997,P01298,F0702,A074,Premium Economy,189.5,USD,2025-09-30,mobile_app
B037998,P00013,F0511,A035,Business,657.83,USD,2025-09-30,mobile_app
B037999,P01719,F0699,A065,Business,1374.93,GBP,2025-09-30,mobile_app
B038000,P00289,F0674,A058,Economy,165.65,GBP,2025-09-30,travel_agency
B038001,P00661,F0593,A023,Premium Economy,434.66,EUR,2025-09-30,mobile_app
B038002,P02153,F0679,A068,Business,801.07,USD,2025-09-30,call_center
B038003,P00899,F0593,A023,Premium Economy,254.59,EUR,2025-09-30,mobile_app
B038004,P00534,F0705,A043,Economy,152.67,EUR,2025-09-30,travel_agency
B038005,P00442,F0610,A081,Economy,130.16,EUR,2025-09-30,website
B038006,P02114,F0559,A018,Economy,127.42,EUR,2025-09-30,travel_agency
B038007,P00117,F0682,A016,Business,956.24,EUR,2025-09-30,website
B038008,P00175,F0700,A065,Premium Economy,206.41,EUR,2025-09-30,travel_agency
B038009,P00054,F0617,A031,Economy,102.1,EUR,2025-09-30,website
B038010,P00297,F0645,A053,Economy,191.61,EUR,2025-09-30,travel_agency
B038011,P02134,F0677,A066,Economy,103.33,EUR,2025-09-30,website
B038012,P01024,F0698,A048,Economy,144.99,EUR,2025-09-30,website
B038013,P01818,F0694,A071,Business,557.55,USD,2025-09-30,call_center
B038014,P01081,F0592,A057,Business,923.02,EUR,2025-09-30,website
B038015,P00634,F0690,A005,Economy,131.2,GBP,2025-09-30,mobile_app
B038016,P00212,F0661,A031,Economy,154.54,USD,2025-09-30,travel_agency
B038017,P02092,F0486,A005,Economy,120.18,USD,2025-09-30,website
B038018,P00930,F0631,A015,Economy,166.89,USD,2025-09-30,website
B038019,P01235,F0616,A049,Economy,184.98,EUR,2025-09-30,website
B038020,P02130,F0688,A019,Economy,151.37,GBP,2025-09-30,website
B038021,P00421,F0563,A061,Economy,128.44,GBP,2025-09-30,mobile_app
B038022,P01766,F0620,A055,Economy,119.12,USD,2025-09-30,call_center
B038023,P00141,F0571,A002,Premium Economy,180.81,EUR,2025-09-30,mobile_app
B038024,P01001,F0616,A049,Economy,121.79,GBP,2025-09-30,website
B038025,P01447,F0661,A031,Economy,170.31,USD,2025-09-30,website
B038026,P01294,F0602,A044,Economy,137.06,EUR,2025-09-30,travel_agency
B038027,P01428,F0687,A016,Economy,166.62,EUR,2025-09-30,mobile_app
B038028,P00641,F0626,A005,Premium Economy,385.79,USD,2025-09-30,website
B038029,P02038,F0611,A012,Economy,88.88,EUR,2025-09-30,mobile_app
B038030,P02156,F0660,A073,Economy,166.47,USD,2025-09-30,mobile_app
B038031,P00606,F0652,A018,Business,935.08,EUR,2025-09-30,mobile_app
B038032,P00054,F0578,A018,Economy,93.81,USD,2025-09-30,website
B038033,P00294,F0567,A060,Economy,193.21,USD,2025-09-30,travel_agency
B038034,P00610,F0584,A049,Economy,121.97,EUR,2025-09-30,travel_agency
B038035,P00008,F0650,A041,Economy,115.06,EUR,2025-09-30,mobile_app
B038036,P01858,F0618,A074,Economy,196.71,USD,2025-09-30,travel_agency
B038037,P01832,F0536,A069,Economy,139.42,EUR,2025-09-30,mobile_app
B038038,P00403,F0600,A062,Economy,150.32,GBP,2025-09-30,travel_agency
B038039,P00470,F0521,A014,Economy,123.57,USD,2025-09-30,mobile_app
B038040,P01907,F0714,A012,Business,1269.04,EUR,2025-09-30,mobile_app
B038041,P01450,F0553,A032,Premium Economy,389.39,EUR,2025-09-30,website
B038042,P00117,F0625,A067,Economy,131.59,USD,2025-09-30,call_center
B038043,P00301,F0639,A076,Premium Economy,388.26,USD,2025-09-30,mobile_app
B038044,P01918,F0677,A066,Premium Economy,367.4,USD,2025-09-30,call_center
B038045,P01116,F0603,A062,Economy,148.42,EUR,2025-09-30,travel_agency
B038046,P01361,F0702,A074,Economy,137.64,USD,2025-09-30,website
B038047,P01770,F0565,A006,Business,877.14,USD,2025-09-30,website
B038048,P01184,F0584,A049,Economy,143.03,GBP,2025-09-30,travel_agency
B038049,P00589,F0669,A069,Economy,157.5,EUR,2025-09-30,website
B038050,P00980,F0026,A068,Economy,185.6,USD,2025-09-30,mobile_app
B038051,P01229,F0521,A014,Economy,76.87,EUR,2025-09-30,mobile_app
B038052,P01418,F0645,A053,Economy,107.91,EUR,2025-09-30,website
B038053,P00089,F0616,A049,Economy,100.31,EUR,2025-09-30,website
B038054,P00301,F0566,A040,Economy,161.97,EUR,2025-09-30,website
B038055,P01411,F0680,A007,Economy,150.77,GBP,2025-09-30,website
B038056,P01558,F0625,A067,Economy,119.65,GBP,2025-09-30,mobile_app
B038057,P01154,F0572,A071,Premium Economy,432.69,EUR,2025-09-30,travel_agency
B038058,P01995,F0662,A035,Economy,100.85,USD,2025-09-30,website
B038059,P01870,F0703,A013,Premium Economy,337.98,USD,2025-09-30,website
B038060,P01544,F0584,A049,Economy,128.13,GBP,2025-09-30,travel_agency
B038061,P02166,F0570,A064,Economy,146.86,EUR,2025-09-30,travel_agency
B038062,P01017,F0603,A062,Business,616.64,USD,2025-09-30,mobile_app
B038063,P01322,F0629,A059,First,2012.62,USD,2025-09-30,website
B038064,P00756,F0516,A055,Premium Economy,266.95,GBP,2025-09-30,website
B038065,P01078,F0714,A012,Economy,101.94,GBP,2025-09-30,website
B038066,P00167,F0297,A058,Economy,114.66,GBP,2025-09-30,website
B038067,P01426,F0010,A001,Economy,125.82,EUR,2025-09-30,mobile_app
B038068,P01022,F0709,A064,Economy,172.14,EUR,2025-09-30,website
B038069,P01821,F0704,A079,Premium Economy,449.44,EUR,2025-09-30,call_center
B038070,P01759,F0570,A064,Economy,129.18,EUR,2025-09-30,travel_agency
B038071,P01690,F0699,A065,Economy,145.05,USD,2025-09-30,call_center
B038072,P00583,F0669,A069,Premium Economy,321.15,EUR,2025-09-30,mobile_app
B038073,P01676,F0656,A081,Economy,178.61,USD,2025-09-30,travel_agency
B038074,P00972,F0671,A012,First,2370.41,USD,2025-09-30,travel_agency
B038075,P02190,F0708,A047,Business,753.31,EUR,2025-09-30,travel_agency
B038076,P00816,F0571,A002,Premium Economy,359.82,EUR,2025-09-30,call_center
B038077,P01163,F0288,A015,Economy,190.78,USD,2025-09-30,mobile_app
B038078,P01389,F0010,A001,Economy,106.96,EUR,2025-09-30,travel_agency
B038079,P01060,F0647,A069,Premium Economy,190.91,USD,2025-09-30,mobile_app
B038080,P01130,F0676,A044,Premium Economy,459.55,USD,2025-09-30,mobile_app
B038081,P00628,F0486,A005,Economy,155.64,EUR,2025-09-30,mobile_app
B038082,P00422,F0686,A040,Economy,90.31,EUR,2025-09-30,website
B038083,P00071,F0692,A057,Economy,77.47,EUR,2025-09-30,website
B038084,P01257,F0637,A080,Economy,79.24,EUR,2025-09-30,website
B038085,P00016,F0681,A079,Business,1195.49,USD,2025-09-30,website
B038086,P00380,F0516,A055,Premium Economy,329.57,EUR,2025-09-30,mobile_app
B038087,P01038,F0288,A015,Economy,128.54,EUR,2025-09-30,mobile_app
B038088,P01128,F0589,A002,Economy,111.78,EUR,2025-09-30,website
B038089,P00528,F0622,A008,Economy,105.17,USD,2025-09-30,call_center
B038090,P01489,F0691,A055,Economy,149.76,EUR,2025-09-30,website
B038091,P00481,F0528,A054,Premium Economy,185.68,EUR,2025-09-30,website
B038092,P01684,F0694,A071,Economy,138.08,USD,2025-09-30,website
B038093,P02059,F0572,A071,Economy,124.16,USD,2025-09-30,mobile_app
B038094,P00571,F0549,A041,Business,965.9,EUR,2025-09-30,website
B038095,P01014,F0626,A005,Premium Economy,290.57,GBP,2025-09-30,website
B038096,P01915,F0659,A021,Economy,181.1,USD,2025-09-30,mobile_app
B038097,P02004,F0690,A005,Business,979.7,EUR,2025-09-30,travel_agency
B038098,P00330,F0641,A055,First,1335.49,USD,2025-09-30,mobile_app
B038099,P01843,F0521,A014,Economy,159.82,USD,2025-09-30,website
B038100,P00307,F0528,A054,Economy,196.41,EUR,2025-09-30,website
B038101,P00866,F0475,A069,Economy,194.55,EUR,2025-09-30,mobile_app
B038102,P02037,F0672,A048,Economy,132.61,USD,2025-09-30,website
B038103,P00933,F0523,A013,Business,1136.58,EUR,2025-09-30,website
B038104,P00800,F0608,A002,Business,830.6,USD,2025-09-30,website
B038105,P01563,F0683,A035,Economy,182.71,EUR,2025-09-30,mobile_app
B038106,P00486,F0664,A055,Economy,124.45,GBP,2025-09-30,travel_agency
B038107,P00871,F0682,A016,Business,969.37,GBP,2025-09-30,website
B038108,P01878,F0652,A018,Economy,140.24,GBP,2025-09-30,travel_agency
B038109,P02158,F0591,A063,Business,1424.68,EUR,2025-09-30,mobile_app
B038110,P02028,F0664,A055,Premium Economy,220.1,EUR,2025-09-30,call_center
B038111,P01006,F0699,A065,Premium Economy,207.9,EUR,2025-09-30,mobile_app
B038112,P01604,F0610,A081,Business,791.22,USD,2025-09-30,mobile_app
B038113,P00590,F0637,A080,Economy,148.55,EUR,2025-09-30,website
B038114,P01908,F0595,A005,Economy,180.27,EUR,2025-09-30,website
B038115,P01103,F0697,A068,Premium Economy,253.66,EUR,2025-09-30,travel_agency
B038116,P01158,F0475,A069,Economy,159.91,EUR,2025-09-30,website
B038117,P01384,F0561,A037,Economy,147.32,EUR,2025-09-30,website
B038118,P02054,F0652,A018,Premium Economy,396.05,EUR,2025-09-30,website
B038119,P00443,F0528,A054,Premium Economy,454.84,EUR,2025-09-30,call_center
B038120,P00796,F0714,A012,Premium Economy,312.03,USD,2025-09-30,travel_agency
B038121,P00325,F0316,A073,Economy,146.38,USD,2025-09-30,website
B038122,P01565,F0640,A038,Economy,93.05,EUR,2025-09-30,mobile_app
B038123,P00794,F0591,A063,First,2517.46,EUR,2025-09-30,travel_agency
B038124,P01855,F0583,A077,Economy,86.08,EUR,2025-09-30,website
B038125,P01802,F0712,A060,Premium Economy,262.79,USD,2025-09-30,call_center
B038126,P00694,F0490,A075,Economy,179.78,USD,2025-09-30,website
B038127,P00208,F0640,A038,Premium Economy,311.98,EUR,2025-09-30,mobile_app
B038128,P00257,F0631,A015,Economy,96.73,EUR,2025-09-30,travel_agency
B038129,P00267,F0673,A038,Business,1193.22,EUR,2025-09-30,mobile_app
B038130,P01886,F0659,A021,Economy,102.47,USD,2025-09-30,website
B038131,P01614,F0523,A013,Economy,82.31,EUR,2025-09-30,website
B038132,P01409,F0713,A065,Premium Economy,465.74,USD,2025-09-30,website
B038133,P00780,F0617,A031,Economy,103.36,GBP,2025-09-30,mobile_app
B038134,P01009,F0617,A031,Business,660.41,EUR,2025-09-30,mobile_app
B038135,P00663,F0666,A038,Premium Economy,272.8,EUR,2025-09-30,mobile_app
B038136,P00137,F0623,A068,Economy,103.92,GBP,2025-09-30,website
B038137,P00689,F0627,A025,Economy,128.12,USD,2025-09-30,website
B038138,P00733,F0700,A065,Economy,103.3,USD,2025-09-30,mobile_app
B038139,P02119,F0588,A062,Business,670.97,EUR,2025-09-30,website
B038140,P01096,F0664,A055,Premium Economy,453.58,EUR,2025-09-30,mobile_app
B038141,P00483,F0665,A071,Business,997.1,EUR,2025-09-30,mobile_app
B038142,P00148,F0636,A013,Economy,106.88,USD,2025-09-30,travel_agency
B038143,P01454,F0551,A060,Economy,131.34,EUR,2025-09-30,website
B038144,P00068,F0668,A018,Economy,167.7,EUR,2025-09-30,website
B038145,P01223,F0521,A014,Economy,87.27,USD,2025-09-30,website
B038146,P02035,F0570,A064,Economy,158.34,EUR,2025-09-30,website
B038147,P00093,F0550,A073,Economy,79.63,GBP,2025-09-30,website
B038148,P00581,F0610,A081,Premium Economy,280.34,EUR,2025-09-30,website
B038149,P00344,F0288,A015,Economy,125.78,EUR,2025-09-30,website
B038150,P01616,F0561,A037,Economy,99.96,EUR,2025-09-30,call_center
B038151,P02073,F0511,A035,Business,621.99,EUR,2025-09-30,website
B038152,P01223,F0701,A046,Economy,92.95,USD,2025-09-30,travel_agency
B038153,P01015,F0666,A038,Economy,130.08,EUR,2025-09-30,mobile_app
B038154,P00643,F0593,A023,Economy,154.53,GBP,2025-09-30,mobile_app
B038155,P01400,F0652,A018,Economy,79.02,USD,2025-09-30,mobile_app
B038156,P00789,F0630,A022,Economy,73.68,USD,2025-09-30,travel_agency
B038157,P00254,F0544,A061,Economy,113.76,EUR,2025-09-30,website
B038158,P02215,F0664,A055,Economy,144.31,EUR,2025-09-30,website
B038159,P01775,F0595,A005,Economy,156.32,EUR,2025-09-30,website
B038160,P02182,F0650,A041,Economy,106.15,EUR,2025-09-30,mobile_app
B038161,P00651,F0486,A005,Economy,159.19,USD,2025-09-30,website
B038162,P02195,F0570,A064,Economy,146.7,USD,2025-09-30,website
B038163,P00970,F0620,A055,Economy,195.27,EUR,2025-09-30,website
B038164,P00192,F0670,A048,Premium Economy,481.48,EUR,2025-09-30,mobile_app
B038165,P02091,F0662,A035,Economy,119.44,USD,2025-09-30,website
B038166,P01262,F0669,A069,Premium Economy,426.26,EUR,2025-09-30,mobile_app
B038167,P00535,F0655,A020,Economy,97.48,EUR,2025-09-30,travel_agency
B038168,P00414,F0636,A013,Economy,93.31,EUR,2025-09-30,website
B038169,P00482,F0699,A065,Economy,103.08,EUR,2025-09-30,travel_agency
B038170,P00841,F0513,A033,Premium Economy,359.11,USD,2025-09-30,mobile_app
B038171,P00145,F0668,A018,Business,539.0,USD,2025-09-30,website
B038172,P01899,F0500,A026,Economy,82.99,EUR,2025-09-30,website
B038173,P00223,F0677,A066,Economy,82.5,USD,2025-09-30,website
B038174,P01068,F0649,A046,Economy,84.13,USD,2025-09-30,mobile_app
B038175,P01537,F0634,A042,Economy,130.1,EUR,2025-09-30,travel_agency
B038176,P01850,F0551,A060,Economy,184.7,EUR,2025-09-30,website
B038177,P01825,F0647,A069,Premium Economy,414.71,EUR,2025-09-30,website
B038178,P02175,F0714,A012,Premium Economy,470.2,EUR,2025-09-30,travel_agency
B038179,P01090,F0691,A055,Premium Economy,203.57,EUR,2025-09-30,website
B038180,P01448,F0694,A071,Economy,104.82,USD,2025-09-30,mobile_app
B038181,P01058,F0614,A056,Economy,174.83,EUR,2025-09-30,mobile_app
B038182,P01823,F0703,A013,Business,1097.08,EUR,2025-09-30,call_center
B038183,P00826,F0549,A041,Premium Economy,176.54,EUR,2025-09-30,travel_agency
B038184,P01775,F0560,A023,Economy,80.98,GBP,2025-09-30,website
B038185,P01780,F0519,A075,Premium Economy,241.89,EUR,2025-09-30,website
B038186,P02013,F0255,A061,Premium Economy,408.7,USD,2025-09-30,travel_agency
B038187,P01436,F0655,A020,Economy,121.71,EUR,2025-09-30,website
B038188,P00241,F0641,A055,Premium Economy,385.87,EUR,2025-09-30,mobile_app
B038189,P01983,F0485,A022,Business,795.7,GBP,2025-09-30,website
B038190,P02205,F0518,A025,Economy,134.69,USD,2025-09-30,website
B038191,P00761,F0567,A060,Economy,100.32,EUR,2025-09-30,website
B038192,P01794,F0614,A056,Premium Economy,256.46,USD,2025-09-30,travel_agency
B038193,P00398,F0687,A016,Premium Economy,256.74,EUR,2025-09-30,website
B038194,P01192,F0645,A053,Economy,114.78,USD,2025-09-30,mobile_app
B038195,P01254,F0674,A058,Premium Economy,299.74,GBP,2025-09-30,mobile_app
B038196,P01590,F0527,A042,Economy,168.49,EUR,2025-09-30,website
B038197,P01868,F0682,A016,Premium Economy,402.58,USD,2025-09-30,website
B038198,P02043,F0589,A002,Economy,116.62,EUR,2025-09-30,mobile_app
B038199,P00919,F0010,A001,Economy,80.87,USD,2025-09-30,website
B038200,P00479,F0318,A010,Premium Economy,261.68,EUR,2025-09-30,travel_agency
B038201,P01837,F0564,A042,Business,617.61,GBP,2025-09-30,mobile_app
B038202,P00505,F0653,A069,Economy,169.46,GBP,2025-09-30,website
B038203,P01885,F0694,A071,Economy,169.78,USD,2025-09-30,travel_agency
B038204,P01110,F0703,A013,Economy,194.98,USD,2025-09-30,website
B038205,P01324,F0594,A062,Premium Economy,345.2,EUR,2025-09-30,travel_agency
B038206,P01894,F0639,A076,Business,1296.79,USD,2025-09-30,website
B038207,P00379,F0605,A067,Economy,118.02,USD,2025-09-30,website
B038208,P01307,F0572,A071,Economy,108.65,USD,2025-09-30,call_center
B038209,P00462,F0625,A067,Economy,173.71,EUR,2025-09-30,website
B038210,P00144,F0636,A013,Economy,119.46,USD,2025-09-30,website
B038211,P00467,F0595,A005,Economy,108.79,EUR,2025-09-30,website
B038212,P01569,F0686,A040,Economy,108.47,USD,2025-09-30,mobile_app
B038213,P00848,F0571,A002,Economy,106.71,EUR,2025-09-30,travel_agency
B038214,P01030,F0550,A073,Economy,100.52,EUR,2025-09-30,travel_agency
B038215,P01524,F0611,A012,Economy,188.87,USD,2025-09-30,website
B038216,P01772,F0537,A076,Premium Economy,193.09,GBP,2025-09-30,mobile_app
B038217,P00483,F0598,A001,Economy,121.18,USD,2025-09-30,website
B038218,P00086,F0516,A055,Business,1087.26,USD,2025-09-30,travel_agency
B038219,P01860,F0696,A051,Economy,186.02,EUR,2025-09-30,website
B038220,P01632,F0486,A005,Premium Economy,342.2,USD,2025-09-30,website
B038221,P00379,F0521,A014,Economy,165.13,EUR,2025-09-30,website
B038222,P01361,F0676,A044,Premium Economy,441.17,USD,2025-09-30,website
B038223,P00837,F0710,A029,Premium Economy,406.53,EUR,2025-09-30,travel_agency
B038224,P00871,F0602,A044,Business,1034.84,GBP,2025-09-30,website
B038225,P00859,F0491,A017,Business,1038.85,USD,2025-09-30,travel_agency
B038226,P00893,F0511,A035,Economy,80.61,GBP,2025-09-30,travel_agency
B038227,P01825,F0559,A018,Premium Economy,431.51,USD,2025-09-30,website
B038228,P00196,F0590,A054,Economy,87.48,USD,2025-09-30,website
B038229,P01959,F0499,A030,Economy,152.39,GBP,2025-09-30,mobile_app
B038230,P00423,F0591,A063,Premium Economy,216.5,USD,2025-09-30,website
B038231,P00339,F0638,A067,Economy,75.21,USD,2025-09-30,website
B038232,P00536,F0595,A005,Economy,128.72,GBP,2025-09-30,website
B038233,P00054,F0572,A071,Premium Economy,285.12,USD,2025-09-30,travel_agency
B038234,P00718,F0676,A044,Economy,197.03,USD,2025-09-30,travel_agency
B038235,P01013,F0641,A055,Economy,194.14,EUR,2025-09-30,website
B038236,P00127,F0706,A049,Premium Economy,363.12,EUR,2025-09-30,website
B038237,P00348,F0288,A015,Economy,75.45,EUR,2025-09-30,travel_agency
B038238,P02055,F0572,A071,Premium Economy,232.7,USD,2025-09-30,travel_agency
B038239,P00733,F0559,A018,Premium Economy,362.05,EUR,2025-09-30,mobile_app
B038240,P01773,F0519,A075,Premium Economy,236.76,USD,2025-09-30,mobile_app
B038241,P01568,F0588,A062,Economy,148.06,EUR,2025-09-30,travel_agency
B038242,P01849,F0703,A013,Economy,127.7,GBP,2025-09-30,website
B038243,P01228,F0545,A042,Premium Economy,404.95,EUR,2025-09-30,website
B038244,P01660,F0527,A042,Premium Economy,342.75,EUR,2025-09-30,website
B038245,P00723,F0652,A018,Premium Economy,392.43,USD,2025-09-30,website
B038246,P00863,F0685,A068,Economy,181.89,EUR,2025-09-30,website
B038247,P00591,F0668,A018,Premium Economy,280.51,GBP,2025-09-30,call_center
B038248,P02041,F0671,A012,Economy,84.2,EUR,2025-09-30,travel_agency
B038249,P01467,F0710,A029,Economy,102.24,EUR,2025-09-30,travel_agency
B038250,P00861,F0671,A012,Business,1005.49,EUR,2025-09-30,travel_agency
B038251,P00798,F0645,A053,Economy,113.25,EUR,2025-09-30,mobile_app
B038252,P01930,F0680,A007,Economy,111.53,USD,2025-09-30,mobile_app
B038253,P01804,F0625,A067,Economy,89.17,USD,2025-09-30,travel_agency
B038254,P00378,F0538,A003,Business,681.34,USD,2025-09-30,call_center
B038255,P01552,F0561,A037,Premium Economy,268.98,EUR,2025-09-30,mobile_app
B038256,P00544,F0537,A076,Economy,141.72,EUR,2025-09-30,website
B038257,P01333,F0693,A003,Economy,163.06,USD,2025-09-30,website
B038258,P00366,F0567,A060,First,1567.15,GBP,2025-09-30,website
B038259,P00001,F0300,A032,Economy,76.37,EUR,2025-09-30,mobile_app
B038260,P00912,F0288,A015,Economy,89.24,EUR,2025-09-30,travel_agency
B038261,P00761,F0533,A013,First,2371.7,USD,2025-09-30,website
B038262,P00360,F0591,A063,Business,1000.88,USD,2025-09-30,website
B038263,P01118,F0669,A069,Economy,73.84,USD,2025-09-30,mobile_app
B038264,P01060,F0693,A003,Economy,74.66,EUR,2025-09-30,mobile_app
B038265,P00290,F0527,A042,Premium Economy,426.71,USD,2025-09-30,website
B038266,P00916,F0533,A013,Economy,184.11,EUR,2025-09-30,website
B038267,P00167,F0645,A053,Premium Economy,358.03,EUR,2025-09-30,website
B038268,P00104,F0538,A003,Economy,172.96,EUR,2025-09-30,mobile_app
B038269,P01500,F0651,A032,Business,1331.25,USD,2025-09-30,mobile_app
B038270,P00881,F0682,A016,Economy,150.82,GBP,2025-09-30,mobile_app
B038271,P01310,F0537,A076,Economy,191.45,EUR,2025-09-30,website
B038272,P00138,F0527,A042,First,2801.66,GBP,2025-09-30,travel_agency
B038273,P00211,F0388,A008,Business,746.42,USD,2025-09-30,travel_agency
B038274,P01498,F0696,A051,Business,1178.69,EUR,2025-09-30,mobile_app
B038275,P01338,F0483,A073,Business,877.18,USD,2025-09-30,website
B038276,P00569,F0499,A030,Economy,174.23,EUR,2025-09-30,travel_agency
B038277,P00811,F0643,A066,Premium Economy,426.04,EUR,2025-09-30,website
B038278,P00784,F0650,A041,Premium Economy,214.0,USD,2025-09-30,website
B038279,P01943,F0681,A079,Economy,150.31,USD,2025-09-30,website
B038280,P00777,F0659,A021,Economy,181.8,EUR,2025-09-30,travel_agency
B038281,P01597,F0674,A058,Economy,74.01,GBP,2025-09-30,mobile_app
B038282,P01006,F0563,A061,Economy,146.6,EUR,2025-09-30,website
B038283,P01946,F0627,A025,Business,1196.45,EUR,2025-09-30,website
B038284,P00252,F0655,A020,Business,622.07,USD,2025-09-30,mobile_app
B038285,P01325,F0640,A038,Economy,173.68,GBP,2025-09-30,call_center
B038286,P00600,F0709,A064,Economy,87.92,USD,2025-09-30,website
B038287,P01834,F0514,A052,Economy,101.38,EUR,2025-09-30,website
B038288,P00768,F0656,A081,Premium Economy,353.79,EUR,2025-09-30,call_center
B038289,P00564,F0628,A048,Economy,170.89,EUR,2025-09-30,mobile_app
B038290,P01053,F0572,A071,Economy,182.99,EUR,2025-09-30,travel_agency
B038291,P00811,F0657,A007,Economy,118.19,USD,2025-09-30,travel_agency
B038292,P00913,F0684,A068,Business,851.41,USD,2025-09-30,website
B038293,P01524,F0583,A077,Premium Economy,224.96,EUR,2025-09-30,travel_agency
B038294,P01077,F0714,A012,First,2736.22,EUR,2025-09-30,website
B038295,P01465,F0648,A025,Economy,164.4,GBP,2025-09-30,website
B038296,P02022,F0628,A048,Economy,86.63,EUR,2025-09-30,website
B038297,P01777,F0678,A055,Economy,149.99,EUR,2025-09-30,mobile_app
B038298,P00991,F0666,A038,Economy,88.09,EUR,2025-09-30,website
B038299,P02064,F0566,A040,Business,552.72,EUR,2025-09-30,website
B038300,P00797,F0649,A046,Economy,81.4,EUR,2025-09-30,travel_agency
B038301,P01186,F0614,A056,Economy,90.06,EUR,2025-09-30,website
B038302,P01664,F0514,A052,Economy,103.45,EUR,2025-09-30,call_center
B038303,P00965,F0641,A055,Business,1398.86,GBP,2025-09-30,website
B038304,P01088,F0536,A069,Business,846.01,EUR,2025-09-30,travel_agency
B038305,P01234,F0688,A019,First,2621.61,USD,2025-09-30,website
B038306,P01731,F0010,A001,Economy,166.88,GBP,2025-09-30,mobile_app
B038307,P02189,F0618,A074,Economy,155.72,EUR,2025-09-30,website
B038308,P00567,F0288,A015,Economy,109.0,GBP,2025-09-30,mobile_app
B038309,P00857,F0559,A018,Business,533.52,USD,2025-09-30,website
B038310,P02209,F0137,A039,Economy,169.57,EUR,2025-09-30,mobile_app
B038311,P00223,F0551,A060,Economy,101.95,USD,2025-09-30,website
B038312,P00385,F0677,A066,Economy,141.33,USD,2025-09-30,website
B038313,P01089,F0698,A048,Economy,115.57,GBP,2025-09-30,website
B038314,P01469,F0594,A062,Economy,146.49,USD,2025-09-30,website
B038315,P00618,F0708,A047,Economy,183.47,USD,2025-09-30,call_center
B038316,P01874,F0678,A055,Economy,172.06,EUR,2025-09-30,mobile_app
B038317,P00838,F0710,A029,Economy,85.34,EUR,2025-09-30,mobile_app
B038318,P02166,F0645,A053,Economy,108.18,EUR,2025-09-30,website
B038319,P00853,F0538,A003,Economy,149.6,USD,2025-09-30,mobile_app
B038320,P01318,F0297,A058,Economy,195.75,EUR,2025-09-30,call_center
B038321,P00023,F0026,A068,Economy,178.56,EUR,2025-09-30,mobile_app
B038322,P00750,F0536,A069,Business,689.65,USD,2025-09-30,call_center
B038323,P00069,F0707,A021,Economy,164.52,EUR,2025-09-30,website
B038324,P01838,F0696,A051,Economy,93.56,USD,2025-09-30,website
B038325,P01407,F0137,A039,Business,1220.47,GBP,2025-09-30,website
B038326,P00880,F0536,A069,Economy,174.82,EUR,2025-09-30,travel_agency
B038327,P00198,F0491,A017,Economy,153.97,EUR,2025-09-30,travel_agency
B038328,P01431,F0588,A062,Economy,107.07,EUR,2025-09-30,website
B038329,P01486,F0297,A058,Premium Economy,280.26,EUR,2025-09-30,mobile_app
B038330,P01524,F0612,A078,Business,587.16,EUR,2025-09-30,website
B038331,P02184,F0673,A038,Economy,84.97,USD,2025-09-30,website
B038332,P01674,F0692,A057,Economy,161.05,EUR,2025-09-30,travel_agency
B038333,P02017,F0630,A022,Premium Economy,217.86,EUR,2025-09-30,mobile_app
B038334,P00341,F0626,A005,Economy,76.85,EUR,2025-09-30,travel_agency
B038335,P00099,F0627,A025,Economy,151.3,USD,2025-09-30,website
B038336,P01312,F0583,A077,Economy,197.69,USD,2025-09-30,website
B038337,P01803,F0710,A029,Premium Economy,269.98,USD,2025-09-30,website
B038338,P01547,F0010,A001,Economy,193.52,EUR,2025-09-30,travel_agency
B038339,P00512,F0567,A060,First,1904.95,GBP,2025-09-30,mobile_app
B038340,P00293,F0655,A020,Economy,74.36,EUR,2025-09-30,website
B038341,P00499,F0608,A002,Economy,182.39,EUR,2025-09-30,website
B038342,P00225,F0673,A038,Economy,136.2,USD,2025-09-30,mobile_app
B038343,P01074,F0714,A012,Economy,181.21,EUR,2025-09-30,website
B038344,P02077,F0630,A022,Business,525.07,EUR,2025-09-30,mobile_app
B038345,P01806,F0490,A075,Economy,144.25,EUR,2025-09-30,website
B038346,P00851,F0602,A044,Economy,146.94,EUR,2025-09-30,website
B038347,P01639,F0297,A058,Premium Economy,189.9,GBP,2025-09-30,travel_agency
B038348,P01653,F0523,A013,Economy,127.03,USD,2025-09-30,travel_agency
B038349,P00712,F0605,A067,First,1129.19,USD,2025-09-30,mobile_app
B038350,P01467,F0619,A038,Premium Economy,307.43,EUR,2025-09-30,mobile_app
B038351,P01814,F0627,A025,Business,1359.59,USD,2025-09-30,travel_agency
B038352,P01524,F0677,A066,Economy,72.56,EUR,2025-09-30,call_center
B038353,P00010,F0485,A022,Economy,176.39,EUR,2025-09-30,mobile_app
B038354,P00070,F0657,A007,Economy,194.85,EUR,2025-09-30,travel_agency
B038355,P00371,F0666,A038,Economy,177.87,USD,2025-09-30,website
B038356,P01832,F0491,A017,Economy,194.86,EUR,2025-09-30,mobile_app
B038357,P01551,F0516,A055,Economy,113.75,USD,2025-09-30,mobile_app
B038358,P01522,F0631,A015,Economy,98.79,GBP,2025-09-30,website
B038359,P00675,F0696,A051,Business,747.51,GBP,2025-09-30,website
B038360,P00095,F0491,A017,Economy,110.1,EUR,2025-09-30,travel_agency
B038361,P01182,F0680,A007,Premium Economy,397.28,EUR,2025-09-30,website
B038362,P01253,F0613,A021,Economy,77.53,USD,2025-09-30,mobile_app
B038363,P01015,F0486,A005,Economy,96.63,EUR,2025-09-30,website
B038364,P00212,F0617,A031,Economy,141.27,EUR,2025-09-30,website
B038365,P00962,F0288,A015,Economy,186.55,EUR,2025-09-30,website
B038366,P00870,F0708,A047,Economy,154.37,EUR,2025-09-30,website
B038367,P00383,F0614,A056,Economy,124.97,USD,2025-09-30,mobile_app
B038368,P00625,F0571,A002,Economy,161.71,EUR,2025-09-30,travel_agency
B038369,P01004,F0605,A067,Economy,124.92,USD,2025-09-30,website
B038370,P01340,F0637,A080,Economy,88.53,GBP,2025-09-30,call_center
B038371,P00244,F0486,A005,Economy,159.65,EUR,2025-09-30,travel_agency
B038372,P01701,F0633,A067,Economy,156.77,USD,2025-09-30,travel_agency
B038373,P00893,F0634,A042,Economy,144.3,USD,2025-09-30,mobile_app
B038374,P00407,F0582,A010,Economy,99.26,EUR,2025-09-30,website
B038375,P01200,F0658,A034,Economy,139.14,EUR,2025-09-30,call_center
B038376,P00401,F0671,A012,Business,1405.03,USD,2025-09-30,mobile_app
B038377,P00830,F0679,A068,Economy,197.89,GBP,2025-09-30,website
B038378,P01261,F0578,A018,Economy,174.03,USD,2025-09-30,website
B038379,P01661,F0112,A065,Economy,134.77,EUR,2025-09-30,website
B038380,P00583,F0528,A054,Economy,106.95,EUR,2025-09-30,website
B038381,P01315,F0596,A066,Economy,97.84,USD,2025-09-30,website
B038382,P02113,F0641,A055,Economy,190.96,USD,2025-09-30,call_center
B038383,P00729,F0526,A021,Economy,186.74,EUR,2025-09-30,website
B038384,P02102,F0482,A004,Economy,192.56,GBP,2025-09-30,mobile_app
B038385,P00162,F0564,A042,Premium Economy,326.58,GBP,2025-09-30,website
B038386,P01332,F0651,A032,Economy,116.72,USD,2025-09-30,website
B038387,P00224,F0538,A003,Economy,113.9,USD,2025-09-30,website
B038388,P00643,F0656,A081,Business,680.83,USD,2025-09-30,travel_agency
B038389,P00188,F0682,A016,Economy,162.53,EUR,2025-09-30,website
B038390,P01473,F0633,A067,Premium Economy,423.63,USD,2025-09-30,website
B038391,P00279,F0588,A062,Economy,131.85,USD,2025-09-30,mobile_app
B038392,P00710,F0693,A003,Economy,117.81,EUR,2025-09-30,website
B038393,P01291,F0534,A076,Economy,167.48,USD,2025-09-30,mobile_app
B038394,P01157,F0682,A016,Economy,183.06,USD,2025-09-30,travel_agency
B038395,P00104,F0550,A073,Business,800.15,USD,2025-09-30,website
B038396,P00996,F0648,A025,Premium Economy,262.18,EUR,2025-09-30,mobile_app
B038397,P01080,F0614,A056,Economy,93.13,USD,2025-09-30,website
B038398,P00700,F0675,A078,Business,853.1,GBP,2025-09-30,mobile_app
B038399,P00784,F0625,A067,Premium Economy,361.96,USD,2025-09-30,mobile_app
B038400,P01415,F0684,A068,First,2518.39,EUR,2025-09-30,mobile_app
B038401,P02003,F0608,A002,Business,815.47,EUR,2025-09-30,mobile_app
B038402,P02076,F0572,A071,Economy,126.11,USD,2025-09-30,website
B038403,P01069,F0537,A076,Economy,163.67,EUR,2025-09-30,travel_agency
B038404,P01313,F0673,A038,Business,1009.13,USD,2025-09-30,travel_agency
B038405,P01470,F0674,A058,Economy,143.11,EUR,2025-09-30,mobile_app
B038406,P00037,F0696,A051,Business,1047.91,EUR,2025-09-30,website
B038407,P01992,F0713,A065,Economy,100.94,EUR,2025-09-30,travel_agency
B038408,P01801,F0594,A062,Economy,110.1,EUR,2025-09-30,mobile_app
B038409,P01076,F0695,A041,Economy,97.84,USD,2025-09-30,website
B038410,P00457,F0500,A026,Economy,171.36,USD,2025-09-30,call_center
B038411,P02039,F0634,A042,Economy,167.05,EUR,2025-09-30,website
B038412,P01910,F0682,A016,Premium Economy,185.9,EUR,2025-09-30,website
B038413,P01709,F0657,A007,Economy,175.24,EUR,2025-09-30,website
B038414,P00363,F0694,A071,Economy,75.19,EUR,2025-09-30,website
B038415,P01711,F0478,A053,Business,1342.12,USD,2025-09-30,travel_agency
B038416,P00793,F0656,A081,Economy,129.98,USD,2025-09-30,website
B038417,P00313,F0595,A005,Economy,185.2,USD,2025-09-30,mobile_app
B038418,P00869,F0691,A055,Premium Economy,360.65,GBP,2025-09-30,mobile_app
B038419,P00454,F0707,A021,Economy,153.96,USD,2025-09-30,website
B038420,P01813,F0675,A078,Business,1265.66,USD,2025-09-30,mobile_app
B038421,P00132,F0527,A042,Economy,156.31,EUR,2025-09-30,website
B038422,P00588,F0654,A038,Premium Economy,368.32,GBP,2025-09-30,website
B038423,P01751,F0623,A068,Economy,172.25,EUR,2025-09-30,mobile_app
B038424,P00255,F0706,A049,Economy,149.79,EUR,2025-09-30,travel_agency
B038425,P00387,F0644,A058,Economy,123.17,USD,2025-09-30,travel_agency
B038426,P00876,F0684,A068,Economy,164.09,EUR,2025-09-30,mobile_app
B038427,P01765,F0536,A069,Economy,82.34,EUR,2025-09-30,website
B038428,P00755,F0622,A008,Economy,167.61,EUR,2025-09-30,travel_agency
B038429,P00098,F0665,A071,Economy,73.3,EUR,2025-09-30,travel_agency
B038430,P01376,F0610,A081,Economy,166.38,EUR,2025-09-30,mobile_app
B038431,P00664,F0536,A069,Economy,133.87,EUR,2025-09-30,website
B038432,P01464,F0672,A048,Economy,139.32,EUR,2025-09-30,mobile_app
B038433,P01740,F0643,A066,First,2608.79,GBP,2025-09-30,travel_agency
B038434,P01670,F0668,A018,Economy,97.03,USD,2025-09-30,travel_agency
B038435,P00486,F0288,A015,Economy,92.85,USD,2025-09-30,call_center
B038436,P01134,F0645,A053,Premium Economy,471.64,EUR,2025-09-30,website
B038437,P01456,F0638,A067,Business,754.81,EUR,2025-09-30,mobile_app
B038438,P01311,F0675,A078,Business,686.39,EUR,2025-09-30,website
B038439,P00781,F0700,A065,Economy,127.36,EUR,2025-09-30,website
B038440,P01814,F0702,A074,Economy,144.16,GBP,2025-09-30,travel_agency
B038441,P00469,F0499,A030,Economy,118.47,EUR,2025-09-30,website
B038442,P01950,F0633,A067,Premium Economy,291.02,USD,2025-09-30,call_center
B038443,P00568,F0636,A013,Economy,186.09,USD,2025-09-30,website
B038444,P00784,F0485,A022,Economy,197.1,USD,2025-09-30,website
B038445,P02092,F0662,A035,First,2860.7,GBP,2025-09-30,website
B038446,P00494,F0566,A040,Business,1275.09,EUR,2025-09-30,travel_agency
B038447,P01442,F0475,A069,Economy,105.64,GBP,2025-09-30,website
B038448,P01315,F0645,A053,Business,1251.97,EUR,2025-09-30,website
B038449,P01090,F0527,A042,Economy,165.18,USD,2025-09-30,website
B038450,P01090,F0620,A055,Economy,178.62,EUR,2025-09-30,website
B038451,P00514,F0656,A081,Economy,129.72,USD,2025-09-30,call_center
B038452,P01280,F0593,A023,Premium Economy,285.25,EUR,2025-09-30,mobile_app
B038453,P01252,F0584,A049,Economy,102.64,EUR,2025-09-30,website
B038454,P00784,F0616,A049,Premium Economy,420.7,EUR,2025-09-30,website
B038455,P02192,F0693,A003,Economy,168.58,EUR,2025-09-30,website
B038456,P01979,F0596,A066,Economy,108.42,EUR,2025-09-30,travel_agency
B038457,P02190,F0595,A005,Business,975.78,EUR,2025-09-30,mobile_app
B038458,P00120,F0593,A023,Business,1415.78,USD,2025-09-30,website
B038459,P01059,F0499,A030,Economy,184.0,USD,2025-09-30,website
B038460,P01537,F0537,A076,Economy,130.97,USD,2025-09-30,call_center
B038461,P01226,F0544,A061,Business,580.36,EUR,2025-09-30,mobile_app
B038462,P02148,F0559,A018,Economy,153.6,EUR,2025-09-30,website
B038463,P00456,F0671,A012,Premium Economy,390.44,EUR,2025-09-30,mobile_app
B038464,P01082,F0605,A067,Economy,107.73,GBP,2025-09-30,travel_agency
B038465,P02046,F0694,A071,Economy,100.97,EUR,2025-09-30,call_center
B038466,P02119,F0641,A055,Economy,162.48,EUR,2025-09-30,travel_agency
B038467,P01991,F0655,A020,Economy,119.04,EUR,2025-09-30,website
B038468,P01713,F0627,A025,First,2361.8,USD,2025-09-30,mobile_app
B038469,P00989,F0596,A066,Economy,158.84,USD,2025-09-30,travel_agency
B038470,P01458,F0645,A053,Business,1028.01,USD,2025-09-30,website
B038471,P00602,F0659,A021,Economy,126.23,EUR,2025-09-30,mobile_app
B038472,P02120,F0652,A018,Economy,151.9,EUR,2025-09-30,mobile_app
B038473,P00088,F0641,A055,Premium Economy,478.57,EUR,2025-09-30,mobile_app
B038474,P00643,F0572,A071,Economy,194.34,EUR,2025-09-30,mobile_app
B038475,P01526,F0672,A048,Premium Economy,217.06,USD,2025-09-30,mobile_app
B038476,P01621,F0705,A043,Economy,148.74,EUR,2025-09-30,travel_agency
B038477,P01502,F0610,A081,Economy,188.29,EUR,2025-09-30,website
B038478,P00246,F0516,A055,Economy,181.32,GBP,2025-09-30,mobile_app
B038479,P01985,F0645,A053,Economy,107.06,GBP,2025-09-30,website
B038480,P01810,F0570,A064,Economy,89.32,EUR,2025-09-30,mobile_app
B038481,P01436,F0670,A048,Economy,162.03,EUR,2025-09-30,website
B038482,P00853,F0589,A002,Economy,120.39,USD,2025-09-30,mobile_app
B038483,P00623,F0500,A026,Economy,120.11,USD,2025-09-30,travel_agency
B038484,P01737,F0523,A013,Economy,181.35,EUR,2025-09-30,mobile_app
B038485,P01961,F0499,A030,Premium Economy,283.92,GBP,2025-09-30,mobile_app
B038486,P01964,F0692,A057,Economy,189.2,EUR,2025-09-30,travel_agency
B038487,P01513,F0648,A025,Economy,140.54,USD,2025-09-30,website
B038488,P01037,F0629,A059,Economy,83.57,GBP,2025-09-30,travel_agency
B038489,P01430,F0698,A048,Economy,124.66,EUR,2025-09-30,travel_agency
B038490,P00033,F0634,A042,Economy,141.1,EUR,2025-09-30,website
B038491,P01974,F0637,A080,Economy,180.2,EUR,2025-09-30,travel_agency
B038492,P01710,F0654,A038,Economy,110.03,USD,2025-09-30,website
B038493,P01938,F0617,A031,Economy,124.16,EUR,2025-09-30,website
B038494,P02181,F0626,A005,Economy,97.14,EUR,2025-09-30,mobile_app
B038495,P00199,F0644,A058,Economy,163.41,EUR,2025-09-30,website
B038496,P00649,F0612,A078,Economy,105.8,EUR,2025-09-30,website
B038497,P01945,F0668,A018,Premium Economy,329.33,USD,2025-09-30,call_center
B038498,P02144,F0300,A032,Business,652.21,USD,2025-09-30,website
B038499,P01538,F0658,A034,Economy,100.84,USD,2025-09-30,website
B038500,P01487,F0528,A054,First,1893.13,USD,2025-09-30,website
B038501,P00930,F0637,A080,First,1533.43,USD,2025-09-30,website
B038502,P01223,F0671,A012,Economy,197.98,EUR,2025-09-30,website
B038503,P00880,F0710,A029,Economy,93.7,EUR,2025-09-30,website
B038504,P01914,F0583,A077,Economy,98.65,GBP,2025-09-30,travel_agency
B038505,P00548,F0482,A004,Economy,115.62,EUR,2025-09-30,website
B038506,P00198,F0486,A005,Economy,167.21,USD,2025-09-30,mobile_app
B038507,P01903,F0478,A053,Economy,83.22,USD,2025-09-30,website
B038508,P02065,F0682,A016,Premium Economy,461.07,EUR,2025-09-30,mobile_app
B038509,P01620,F0523,A013,Economy,118.56,EUR,2025-09-30,mobile_app
B038510,P00083,F0699,A065,Business,547.86,EUR,2025-09-30,call_center
B038511,P01921,F0608,A002,Business,1036.99,USD,2025-09-30,website
B038512,P00871,F0571,A002,Economy,95.84,USD,2025-09-30,website
B038513,P00956,F0703,A013,Economy,190.37,USD,2025-09-30,travel_agency
B038514,P02198,F0544,A061,Economy,141.37,EUR,2025-09-30,mobile_app
B038515,P01384,F0704,A079,First,1235.76,EUR,2025-09-30,website
B038516,P00541,F0316,A073,First,1405.46,USD,2025-09-30,travel_agency
B038517,P01025,F0475,A069,Economy,148.94,USD,2025-09-30,website
B038518,P00937,F0475,A069,Economy,166.27,EUR,2025-09-30,travel_agency
B038519,P00061,F0642,A080,Economy,159.81,EUR,2025-09-30,mobile_app
B038520,P01007,F0528,A054,Economy,88.35,EUR,2025-09-30,website
B038521,P02208,F0602,A044,Economy,101.85,EUR,2025-09-30,travel_agency
B038522,P01257,F0631,A015,Economy,78.67,EUR,2025-09-30,website
B038523,P01322,F0613,A021,Premium Economy,430.0,EUR,2025-09-30,website
B038524,P01716,F0565,A006,Economy,165.04,USD,2025-09-30,mobile_app
B038525,P01074,F0678,A055,Economy,161.17,USD,2025-09-30,website
B038526,P00393,F0567,A060,Economy,133.91,USD,2025-09-30,website
B038527,P00805,F0593,A023,Economy,105.25,EUR,2025-09-30,mobile_app
B038528,P00919,F0658,A034,Economy,98.65,USD,2025-09-30,mobile_app
B038529,P00570,F0026,A068,Economy,120.66,GBP,2025-09-30,website
B038530,P01922,F0526,A021,Economy,142.73,USD,2025-09-30,mobile_app
B038531,P01273,F0644,A058,Economy,124.22,EUR,2025-09-30,mobile_app
B038532,P00700,F0692,A057,Economy,180.91,EUR,2025-09-30,website
B038533,P01783,F0514,A052,Economy,137.34,EUR,2025-09-30,travel_agency
B038534,P00050,F0618,A074,Economy,80.6,EUR,2025-09-30,travel_agency
B038535,P01309,F0388,A008,Economy,177.69,EUR,2025-09-30,travel_agency
B038536,P01752,F0595,A005,Economy,133.01,EUR,2025-09-30,website
B038537,P00115,F0563,A061,Premium Economy,303.62,USD,2025-09-30,travel_agency
B038538,P00556,F0668,A018,Premium Economy,443.88,USD,2025-09-30,travel_agency
B038539,P00189,F0619,A038,Economy,87.2,EUR,2025-09-30,website
B038540,P00436,F0623,A068,Economy,170.47,USD,2025-09-30,mobile_app
B038541,P00290,F0652,A018,Economy,117.72,USD,2025-09-30,website
B038542,P02137,F0651,A032,Economy,126.74,GBP,2025-09-30,travel_agency
B038543,P00205,F0704,A079,Economy,97.99,EUR,2025-09-30,website
B038544,P00543,F0672,A048,First,1224.26,EUR,2025-09-30,call_center
B038545,P00850,F0707,A021,Economy,138.63,GBP,2025-09-30,website
B038546,P00785,F0485,A022,Business,563.28,USD,2025-09-30,mobile_app
B038547,P01410,F0534,A076,Economy,187.11,USD,2025-09-30,website
B038548,P01780,F0112,A065,Economy,86.03,USD,2025-09-30,mobile_app
B038549,P01499,F0500,A026,Economy,172.67,GBP,2025-09-30,website
B038550,P02017,F0686,A040,Premium Economy,465.86,USD,2025-09-30,website
B038551,P01822,F0666,A038,Premium Economy,399.74,EUR,2025-09-30,website
B038552,P01324,F0491,A017,Economy,190.04,EUR,2025-09-30,travel_agency
B038553,P00429,F0388,A008,Economy,126.4,USD,2025-09-30,mobile_app
B038554,P00359,F0701,A046,Economy,96.43,USD,2025-09-30,travel_agency
B038555,P00726,F0704,A079,Economy,116.33,USD,2025-09-30,travel_agency
B038556,P00405,F0665,A071,Premium Economy,421.88,EUR,2025-09-30,website
B038557,P02078,F0695,A041,Business,1293.55,EUR,2025-09-30,mobile_app
B038558,P00224,F0499,A030,Business,521.15,EUR,2025-09-30,website
B038559,P01729,F0660,A073,Economy,143.1,EUR,2025-09-30,website
B038560,P00187,F0661,A031,Economy,196.44,EUR,2025-09-30,mobile_app
B038561,P00078,F0670,A048,Economy,111.4,EUR,2025-09-30,mobile_app
B038562,P00092,F0573,A031,Premium Economy,395.27,GBP,2025-09-30,travel_agency
B038563,P01232,F0608,A002,Economy,78.12,EUR,2025-09-30,website
B038564,P00617,F0662,A035,Business,1284.31,USD,2025-09-30,website
B038565,P00538,F0672,A048,Business,1281.6,EUR,2025-09-30,website
B038566,P00885,F0582,A010,Premium Economy,204.53,USD,2025-09-30,call_center
B038567,P01271,F0595,A005,Economy,156.24,USD,2025-09-30,travel_agency
B038568,P01415,F0608,A002,Business,1037.12,USD,2025-09-30,mobile_app
B038569,P01360,F0620,A055,Economy,112.45,USD,2025-09-30,mobile_app
B038570,P01169,F0519,A075,Economy,96.13,USD,2025-09-30,call_center
B038571,P00679,F0572,A071,Business,1220.1,USD,2025-09-30,website
B038572,P00686,F0608,A002,Business,687.11,USD,2025-09-30,mobile_app
B038573,P01736,F0648,A025,Economy,180.48,EUR,2025-09-30,mobile_app
B038574,P01313,F0677,A066,Business,1040.88,USD,2025-09-30,website
B038575,P00281,F0641,A055,Economy,174.49,EUR,2025-09-30,website
B038576,P01855,F0694,A071,Economy,76.3,EUR,2025-09-30,mobile_app
B038577,P00042,F0623,A068,Business,598.61,EUR,2025-09-30,mobile_app
B038578,P00561,F0603,A062,Economy,153.63,EUR,2025-09-30,travel_agency
B038579,P01233,F0666,A038,Economy,172.53,USD,2025-09-30,call_center
B038580,P00993,F0623,A068,Economy,180.53,USD,2025-09-30,travel_agency
B038581,P00958,F0598,A001,Business,686.19,EUR,2025-09-30,website
B038582,P00417,F0707,A021,Economy,77.06,EUR,2025-09-30,mobile_app
B038583,P01188,F0629,A059,Premium Economy,421.72,EUR,2025-09-30,mobile_app
B038584,P02041,F0643,A066,Economy,196.87,EUR,2025-09-30,website
B038585,P00961,F0485,A022,Economy,194.94,USD,2025-09-30,website
B038586,P02033,F0618,A074,Economy,194.75,EUR,2025-09-30,mobile_app
B038587,P00524,F0681,A079,Premium Economy,235.18,GBP,2025-09-30,website
B038588,P02075,F0557,A063,Economy,98.2,EUR,2025-09-30,website
B038589,P00435,F0665,A071,Economy,130.82,EUR,2025-09-30,mobile_app
B038590,P01494,F0516,A055,Economy,174.39,EUR,2025-09-30,mobile_app
B038591,P01051,F0521,A014,Premium Economy,342.36,USD,2025-09-30,website
B038592,P02094,F0499,A030,Economy,187.42,USD,2025-09-30,website
B038593,P00472,F0475,A069,Economy,77.34,GBP,2025-09-30,travel_agency
B038594,P01241,F0671,A012,Economy,100.77,EUR,2025-09-30,call_center
B038595,P00154,F0550,A073,Business,1080.51,EUR,2025-09-30,website
B038596,P00467,F0664,A055,Economy,120.76,EUR,2025-09-30,travel_agency
B038597,P01577,F0670,A048,Economy,108.22,USD,2025-09-30,travel_agency
B038598,P00470,F0551,A060,Economy,99.11,USD,2025-09-30,travel_agency
B038599,P01677,F0499,A030,Economy,114.1,GBP,2025-09-30,website
B038600,P01603,F0608,A002,Economy,123.39,EUR,2025-09-30,website
B038601,P00225,F0603,A062,Premium Economy,218.36,USD,2025-09-30,website
B038602,P00749,F0516,A055,Economy,112.04,EUR,2025-09-30,website
B038603,P01947,F0388,A008,Premium Economy,323.03,EUR,2025-09-30,mobile_app
B038604,P01916,F0288,A015,Premium Economy,238.21,EUR,2025-09-30,website
B038605,P01814,F0010,A001,Economy,134.66,GBP,2025-09-30,travel_agency
B038606,P02003,F0499,A030,Economy,177.76,EUR,2025-09-30,mobile_app
B038607,P00844,F0536,A069,Premium Economy,430.05,USD,2025-09-30,website
B038608,P00084,F0491,A017,Economy,122.94,EUR,2025-09-30,travel_agency
B038609,P00196,F0659,A021,Business,639.02,USD,2025-09-30,mobile_app
B038610,P00763,F0584,A049,Economy,106.92,GBP,2025-09-30,website
B038611,P01361,F0318,A010,Business,529.37,EUR,2025-09-30,website
B038612,P01840,F0698,A048,Economy,112.72,EUR,2025-09-30,mobile_app
B038613,P02087,F0640,A038,Business,1195.34,GBP,2025-09-30,call_center
B038614,P01123,F0645,A053,Business,643.37,EUR,2025-09-30,mobile_app
B038615,P01505,F0511,A035,Economy,83.24,EUR,2025-09-30,travel_agency
B038616,P00926,F0516,A055,Economy,196.23,GBP,2025-09-30,website
B038617,P00975,F0573,A031,Economy,109.77,USD,2025-09-30,website
B038618,P00462,F0605,A067,Business,641.21,USD,2025-09-30,mobile_app
B038619,P00767,F0696,A051,Business,618.77,EUR,2025-09-30,website
B038620,P00747,F0627,A025,Economy,177.47,USD,2025-09-30,travel_agency
B038621,P00199,F0490,A075,Premium Economy,432.18,GBP,2025-09-30,website
B038622,P01709,F0698,A048,Economy,126.71,EUR,2025-09-30,mobile_app
B038623,P00408,F0643,A066,Business,1351.23,USD,2025-09-30,website
B038624,P01562,F0670,A048,Business,554.15,EUR,2025-09-30,call_center
B038625,P01326,F0642,A080,Business,1380.59,EUR,2025-09-30,travel_agency
B038626,P00502,F0692,A057,Economy,85.75,EUR,2025-09-30,call_center
B038627,P00736,F0603,A062,Business,1036.59,EUR,2025-09-30,website
B038628,P01240,F0483,A073,Economy,100.05,USD,2025-09-30,website
B038629,P00392,F0612,A078,Economy,194.69,USD,2025-09-30,website
B038630,P01140,F0388,A008,Economy,179.1,USD,2025-09-30,mobile_app
B038631,P00717,F0500,A026,Economy,143.24,EUR,2025-09-30,website
B038632,P00461,F0608,A002,Economy,158.32,USD,2025-09-30,website
B038633,P01118,F0255,A061,Business,985.59,USD,2025-09-30,mobile_app
B038634,P00984,F0589,A002,Economy,158.26,EUR,2025-09-30,website
B038635,P01205,F0690,A005,Economy,187.56,EUR,2025-09-30,travel_agency
B038636,P00650,F0026,A068,Economy,130.54,EUR,2025-09-30,website
B038637,P01920,F0478,A053,Premium Economy,241.91,EUR,2025-09-30,travel_agency
B038638,P00376,F0632,A079,Economy,186.17,USD,2025-09-30,mobile_app
B038639,P00778,F0318,A010,Economy,180.29,EUR,2025-09-30,website
B038640,P01105,F0682,A016,First,2121.67,EUR,2025-09-30,mobile_app
B038641,P01776,F0631,A015,Premium Economy,468.55,USD,2025-09-30,website
B038642,P01294,F0523,A013,Premium Economy,187.58,GBP,2025-09-30,website
B038643,P02103,F0652,A018,Business,887.2,EUR,2025-09-30,website
B038644,P01748,F0673,A038,Economy,72.58,USD,2025-09-30,travel_agency
B038645,P01101,F0595,A005,Economy,190.84,USD,2025-09-30,website
B038646,P01964,F0666,A038,Economy,132.04,EUR,2025-09-30,call_center
B038647,P01353,F0681,A079,Premium Economy,188.66,USD,2025-09-30,website
B038648,P00634,F0600,A062,Economy,105.32,EUR,2025-09-30,website
B038649,P00336,F0297,A058,Economy,160.28,USD,2025-09-30,mobile_app
B038650,P02195,F0605,A067,Business,921.93,EUR,2025-09-30,call_center
B038651,P01003,F0112,A065,Premium Economy,433.24,EUR,2025-09-30,call_center
B038652,P01760,F0563,A061,Economy,88.51,GBP,2025-09-30,website
B038653,P00288,F0538,A003,Premium Economy,466.97,GBP,2025-09-30,mobile_app
B038654,P00508,F0514,A052,Economy,165.89,EUR,2025-09-30,mobile_app
B038655,P01991,F0516,A055,Business,829.0,EUR,2025-09-30,website
B038656,P01609,F0686,A040,Premium Economy,212.56,EUR,2025-09-30,website
B038657,P00282,F0137,A039,Economy,165.54,USD,2025-09-30,travel_agency
B038658,P00724,F0712,A060,Premium Economy,334.16,EUR,2025-09-30,website
B038659,P00971,F0650,A041,Premium Economy,232.78,EUR,2025-09-30,website
B038660,P01710,F0537,A076,Economy,121.27,USD,2025-09-30,mobile_app
B038661,P00191,F0561,A037,Economy,170.8,USD,2025-09-30,travel_agency
B038662,P00570,F0255,A061,Economy,92.46,EUR,2025-09-30,website
B038663,P01494,F0563,A061,Economy,139.94,USD,2025-09-30,website
B038664,P01305,F0646,A046,Economy,172.68,EUR,2025-09-30,mobile_app
B038665,P00902,F0534,A076,Economy,97.98,GBP,2025-09-30,mobile_app
B038666,P00344,F0600,A062,Premium Economy,423.23,GBP,2025-09-30,mobile_app
B038667,P00258,F0682,A016,Premium Economy,415.5,GBP,2025-09-30,website
B038668,P00909,F0639,A076,Economy,104.98,USD,2025-09-30,call_center
B038669,P00541,F0686,A040,Economy,180.5,EUR,2025-09-30,website
B038670,P01267,F0674,A058,Premium Economy,280.65,EUR,2025-09-30,mobile_app
B038671,P01644,F0681,A079,Economy,104.76,GBP,2025-09-30,website
B038672,P00248,F0685,A068,Economy,99.94,EUR,2025-09-30,website
B038673,P00589,F0687,A016,Economy,80.94,USD,2025-09-30,website
B038674,P01484,F0563,A061,Economy,98.3,GBP,2025-09-30,travel_agency
B038675,P01592,F0567,A060,Economy,93.09,EUR,2025-09-30,website
B038676,P01834,F0518,A025,Economy,171.04,EUR,2025-09-30,website
B038677,P01449,F0533,A013,Economy,122.15,EUR,2025-09-30,mobile_app
B038678,P00212,F0619,A038,Business,1317.13,EUR,2025-09-30,travel_agency
B038679,P01439,F0713,A065,Premium Economy,341.59,USD,2025-09-30,call_center
B038680,P01832,F0706,A049,Economy,134.52,USD,2025-09-30,travel_agency
B038681,P01769,F0676,A044,Economy,143.9,USD,2025-09-30,mobile_app
B038682,P01212,F0625,A067,Economy,109.54,GBP,2025-09-30,mobile_app
B038683,P01014,F0521,A014,Premium Economy,435.4,EUR,2025-09-30,website
B038684,P00294,F0482,A004,Premium Economy,415.25,EUR,2025-09-30,mobile_app
B038685,P00446,F0565,A006,Economy,79.79,EUR,2025-09-30,website
B038686,P00504,F0646,A046,Economy,169.65,USD,2025-09-30,travel_agency
B038687,P01404,F0659,A021,Premium Economy,409.34,USD,2025-09-30,travel_agency
B038688,P02206,F0678,A055,Economy,79.62,GBP,2025-09-30,travel_agency
B038689,P01263,F0616,A049,Economy,160.92,USD,2025-09-30,mobile_app
B038690,P01999,F0617,A031,First,1729.36,GBP,2025-09-30,travel_agency
B038691,P00226,F0661,A031,Economy,120.73,EUR,2025-09-30,travel_agency
B038692,P01690,F0592,A057,First,1356.85,EUR,2025-09-30,mobile_app
B038693,P00608,F0644,A058,Economy,170.02,EUR,2025-09-30,call_center
B038694,P00557,F0523,A013,Premium Economy,334.48,USD,2025-09-30,call_center
B038695,P01653,F0640,A038,Economy,124.29,EUR,2025-09-30,mobile_app
B038696,P00465,F0668,A018,Economy,188.57,EUR,2025-09-30,travel_agency
B038697,P00526,F0685,A068,Economy,166.14,EUR,2025-09-30,website
B038698,P01404,F0550,A073,Economy,72.84,USD,2025-09-30,mobile_app
B038699,P01426,F0691,A055,Economy,162.19,EUR,2025-09-30,website
B038700,P01201,F0605,A067,Premium Economy,384.71,GBP,2025-09-30,website
B038701,P00011,F0066,A051,Business,581.53,USD,2025-09-30,mobile_app
B038702,P01366,F0690,A005,Premium Economy,465.32,USD,2025-09-30,website
B038703,P01470,F0536,A069,Economy,141.73,EUR,2025-09-30,website
B038704,P00814,F0511,A035,Economy,179.63,GBP,2025-09-30,mobile_app
B038705,P01995,F0536,A069,Economy,193.89,EUR,2025-09-30,website
B038706,P00075,F0641,A055,Economy,189.87,EUR,2025-09-30,mobile_app
B038707,P01063,F0661,A031,Economy,143.95,EUR,2025-09-30,website
B038708,P01492,F0640,A038,Economy,113.48,EUR,2025-09-30,website
B038709,P01500,F0583,A077,Premium Economy,340.06,EUR,2025-09-30,website
B038710,P01836,F0560,A023,Economy,137.71,USD,2025-09-30,website
B038711,P01934,F0640,A038,Economy,96.71,EUR,2025-09-30,website
B038712,P02006,F0528,A054,First,2136.92,USD,2025-09-30,mobile_app
B038713,P00649,F0603,A062,Economy,127.18,EUR,2025-09-30,travel_agency
B038714,P00409,F0478,A053,Economy,153.54,USD,2025-09-30,website
B038715,P01400,F0649,A046,Business,1240.62,USD,2025-09-30,website
B038716,P01356,F0598,A001,Economy,147.7,USD,2025-09-30,mobile_app
B038717,P02074,F0567,A060,Premium Economy,267.56,EUR,2025-09-30,website
B038718,P01622,F0526,A021,Economy,116.0,GBP,2025-09-30,travel_agency
B038719,P01689,F0534,A076,Economy,191.31,USD,2025-09-30,travel_agency
B038720,P01237,F0673,A038,Economy,107.53,EUR,2025-09-30,travel_agency
B038721,P00370,F0137,A039,Economy,158.62,EUR,2025-09-30,website
B038722,P00237,F0526,A021,Economy,193.45,USD,2025-09-30,mobile_app
B038723,P01616,F0678,A055,Economy,103.75,USD,2025-09-30,travel_agency
B038724,P01741,F0010,A001,Economy,120.59,EUR,2025-09-30,travel_agency
B038725,P00704,F0583,A077,Economy,79.44,USD,2025-09-30,mobile_app
B038726,P00947,F0675,A078,Economy,79.02,EUR,2025-09-30,mobile_app
B038727,P00273,F0700,A065,Business,1158.66,EUR,2025-09-30,website
B038728,P01506,F0665,A071,Premium Economy,227.16,EUR,2025-09-30,website
B038729,P00164,F0561,A037,Economy,188.7,EUR,2025-09-30,call_center
B038730,P01046,F0288,A015,Economy,93.45,USD,2025-09-30,travel_agency
B038731,P00818,F0490,A075,Economy,150.16,GBP,2025-09-30,mobile_app
B038732,P00187,F0638,A067,Economy,127.36,USD,2025-09-30,website
B038733,P00465,F0600,A062,Economy,83.36,EUR,2025-09-30,travel_agency
B038734,P01510,F0596,A066,Economy,144.46,EUR,2025-09-30,mobile_app
B038735,P00261,F0711,A033,Economy,189.15,USD,2025-09-30,mobile_app
B038736,P00761,F0672,A048,Economy,88.72,USD,2025-09-30,mobile_app
B038737,P01047,F0612,A078,Business,687.27,EUR,2025-09-30,mobile_app
B038738,P01670,F0318,A010,Economy,120.27,EUR,2025-09-30,website
B038739,P01010,F0613,A021,Business,542.14,USD,2025-09-30,website
B038740,P00266,F0649,A046,Economy,98.25,GBP,2025-09-30,travel_agency
B038741,P00144,F0486,A005,Premium Economy,260.37,EUR,2025-09-30,call_center
B038742,P00320,F0513,A033,Premium Economy,239.18,EUR,2025-09-30,website
B038743,P01490,F0651,A032,Economy,99.51,GBP,2025-09-30,travel_agency
B038744,P02026,F0666,A038,Premium Economy,299.39,EUR,2025-09-30,travel_agency
B038745,P00583,F0652,A018,Economy,96.14,EUR,2025-09-30,call_center
B038746,P01185,F0639,A076,Economy,90.69,EUR,2025-09-30,travel_agency
B038747,P01356,F0518,A025,Economy,120.31,EUR,2025-09-30,mobile_app
B038748,P00177,F0668,A018,Economy,109.44,USD,2025-09-30,travel_agency
B038749,P01575,F0638,A067,Business,1052.18,EUR,2025-09-30,website
B038750,P01815,F0528,A054,Economy,96.73,USD,2025-09-30,website
B038751,P01920,F0689,A051,First,2206.85,EUR,2025-09-30,travel_agency
B038752,P00542,F0682,A016,Business,1032.13,GBP,2025-09-30,website
B038753,P01600,F0316,A073,Economy,82.3,GBP,2025-09-30,website
B038754,P01700,F0595,A005,Economy,112.93,USD,2025-09-30,website
B038755,P01452,F0475,A069,Economy,97.43,GBP,2025-09-30,call_center
B038756,P00014,F0527,A042,Economy,123.49,USD,2025-09-30,mobile_app
B038757,P01752,F0490,A075,Economy,83.29,EUR,2025-09-30,travel_agency
B038758,P00240,F0632,A079,Economy,145.78,GBP,2025-09-30,website
B038759,P00791,F0668,A018,Economy,172.52,EUR,2025-09-30,mobile_app
B038760,P01974,F0592,A057,Premium Economy,215.96,USD,2025-09-30,website
B038761,P01506,F0594,A062,Economy,175.73,GBP,2025-09-30,call_center
B038762,P00979,F0707,A021,Economy,104.91,GBP,2025-09-30,website
B038763,P01553,F0137,A039,Economy,119.15,EUR,2025-09-30,travel_agency
B038764,P01547,F0682,A016,Economy,129.09,EUR,2025-09-30,website
B038765,P01197,F0571,A002,Business,662.92,EUR,2025-09-30,travel_agency
B038766,P00004,F0708,A047,Economy,102.95,USD,2025-09-30,mobile_app
B038767,P00272,F0698,A048,First,2197.94,USD,2025-09-30,mobile_app
B038768,P01689,F0649,A046,Economy,89.99,USD,2025-09-30,website
B038769,P00510,F0617,A031,Premium Economy,176.78,EUR,2025-09-30,mobile_app
B038770,P00083,F0010,A001,Economy,122.51,EUR,2025-09-30,mobile_app
B038771,P01160,F0519,A075,Economy,88.09,USD,2025-09-30,call_center
B038772,P01216,F0708,A047,Economy,80.08,USD,2025-09-30,website
B038773,P00724,F0255,A061,Economy,105.06,GBP,2025-09-30,travel_agency
B038774,P01879,F0680,A007,Economy,195.31,USD,2025-09-30,call_center
B038775,P00364,F0518,A025,Economy,135.21,EUR,2025-09-30,website
B038776,P00291,F0538,A003,Economy,178.31,EUR,2025-09-30,website
B038777,P01697,F0523,A013,Economy,88.59,EUR,2025-09-30,website
B038778,P01547,F0066,A051,Business,1119.32,EUR,2025-09-30,call_center
B038779,P01167,F0691,A055,Economy,94.24,USD,2025-09-30,website
B038780,P01332,F0519,A075,Economy,157.65,EUR,2025-09-30,mobile_app
B038781,P00262,F0577,A031,Economy,195.39,EUR,2025-09-30,website
B038782,P02089,F0596,A066,Premium Economy,389.18,EUR,2025-09-30,website
B038783,P01443,F0631,A015,Economy,127.84,EUR,2025-09-30,call_center
B038784,P01010,F0514,A052,Economy,160.25,USD,2025-09-30,travel_agency
B038785,P00995,F0561,A037,Economy,150.23,GBP,2025-09-30,website
B038786,P00672,F0668,A018,Economy,75.24,USD,2025-09-30,website
B038787,P01326,F0570,A064,Economy,180.93,GBP,2025-09-30,mobile_app
B038788,P01126,F0571,A002,Economy,88.03,EUR,2025-09-30,website
B038789,P00441,F0669,A069,Economy,135.12,EUR,2025-09-30,website
B038790,P01416,F0066,A051,Business,522.91,GBP,2025-09-30,website
B038791,P01553,F0619,A038,Economy,197.67,EUR,2025-09-30,travel_agency
B038792,P01025,F0675,A078,Business,927.24,EUR,2025-09-30,mobile_app
B038793,P02056,F0572,A071,Economy,129.01,USD,2025-09-30,website
B038794,P00892,F0533,A013,Premium Economy,474.85,USD,2025-09-30,website
B038795,P00963,F0641,A055,Economy,126.79,USD,2025-09-30,website
B038796,P00625,F0026,A068,Economy,78.13,EUR,2025-09-30,website
B038797,P00949,F0605,A067,Economy,105.37,USD,2025-09-30,call_center
B038798,P01950,F0561,A037,Economy,150.78,USD,2025-09-30,website
B038799,P00081,F0613,A021,Economy,127.79,EUR,2025-09-30,website
B038800,P02188,F0614,A056,Economy,99.94,USD,2025-09-30,website
B038801,P01308,F0694,A071,Economy,172.68,GBP,2025-09-30,call_center
B038802,P01250,F0596,A066,Premium Economy,216.45,USD,2025-09-30,website
B038803,P00845,F0559,A018,Economy,180.85,USD,2025-09-30,travel_agency
B038804,P01815,F0666,A038,Economy,87.28,GBP,2025-09-30,mobile_app
B038805,P00592,F0640,A038,Premium Economy,213.0,EUR,2025-09-30,travel_agency
B038806,P01063,F0662,A035,Economy,117.43,USD,2025-09-30,mobile_app
B038807,P01331,F0697,A068,Economy,119.27,GBP,2025-09-30,travel_agency
B038808,P01254,F0639,A076,Business,1337.28,EUR,2025-09-30,mobile_app
B038809,P01565,F0682,A016,Economy,124.98,EUR,2025-09-30,website
B038810,P00724,F0685,A068,Economy,189.06,EUR,2025-09-30,website
B038811,P01791,F0691,A055,Economy,102.82,EUR,2025-09-30,website
B038812,P00969,F0710,A029,First,1970.05,USD,2025-09-30,call_center
B038813,P00841,F0557,A063,Economy,179.97,USD,2025-09-30,website
B038814,P00554,F0528,A054,First,1772.69,EUR,2025-09-30,website
B038815,P00987,F0593,A023,Business,806.77,EUR,2025-09-30,website
B038816,P00418,F0674,A058,Business,1305.0,GBP,2025-09-30,mobile_app
B038817,P00394,F0528,A054,Economy,115.36,USD,2025-09-30,website
B038818,P00243,F0671,A012,Economy,143.44,EUR,2025-09-30,mobile_app
B038819,P00088,F0478,A053,Economy,124.23,GBP,2025-09-30,mobile_app
B038820,P00369,F0288,A015,Economy,126.8,GBP,2025-09-30,call_center
B038821,P02023,F0537,A076,Premium Economy,198.7,GBP,2025-09-30,website
B038822,P00406,F0610,A081,Economy,165.65,USD,2025-09-30,website
B038823,P00102,F0713,A065,Economy,190.2,GBP,2025-09-30,website
B038824,P01634,F0712,A060,Premium Economy,389.47,GBP,2025-09-30,mobile_app
B038825,P01602,F0685,A068,Economy,189.47,EUR,2025-09-30,website
B038826,P00535,F0632,A079,Economy,143.92,USD,2025-09-30,website
B038827,P01321,F0318,A010,Economy,168.09,EUR,2025-09-30,call_center
B038828,P00877,F0550,A073,Economy,154.35,EUR,2025-09-30,mobile_app
B038829,P00112,F0649,A046,Premium Economy,382.68,EUR,2025-09-30,call_center
B038830,P00071,F0640,A038,Economy,186.43,GBP,2025-09-30,mobile_app
B038831,P02104,F0578,A018,Premium Economy,178.49,GBP,2025-09-30,travel_agency
B038832,P01208,F0689,A051,Economy,96.31,EUR,2025-09-30,mobile_app
B038833,P01156,F0536,A069,Business,719.24,EUR,2025-09-30,website
B038834,P01922,F0705,A043,Economy,100.21,EUR,2025-09-30,mobile_app
B038835,P01158,F0513,A033,Economy,152.39,EUR,2025-09-30,travel_agency
B038836,P00526,F0485,A022,Business,573.74,EUR,2025-09-30,website
B038837,P01205,F0634,A042,Economy,105.22,GBP,2025-09-30,travel_agency
B038838,P00321,F0614,A056,Premium Economy,269.33,EUR,2025-09-30,travel_agency
B038839,P00853,F0699,A065,Economy,90.0,USD,2025-09-30,website
B038840,P01439,F0516,A055,Economy,185.39,USD,2025-09-30,website
B038841,P00509,F0521,A014,Economy,91.68,EUR,2025-09-30,mobile_app
B038842,P00992,F0709,A064,Economy,105.43,EUR,2025-09-30,website
B038843,P01886,F0137,A039,Economy,109.48,USD,2025-09-30,call_center
B038844,P02013,F0653,A069,First,1797.84,EUR,2025-09-30,travel_agency
B038845,P00415,F0516,A055,Premium Economy,429.56,USD,2025-09-30,travel_agency
B038846,P00696,F0634,A042,Premium Economy,350.14,USD,2025-09-30,travel_agency
B038847,P01647,F0600,A062,Economy,73.52,USD,2025-09-30,mobile_app
B038848,P01255,F0497,A074,Economy,144.91,EUR,2025-09-30,website
B038849,P00848,F0644,A058,Economy,189.8,EUR,2025-09-30,website
B038850,P01666,F0112,A065,Economy,73.82,GBP,2025-09-30,travel_agency
B038851,P01130,F0519,A075,Business,1156.21,USD,2025-09-30,website
B038852,P00906,F0600,A062,First,2306.87,EUR,2025-09-30,website
B038853,P01810,F0561,A037,Economy,165.24,GBP,2025-09-30,website
B038854,P00171,F0620,A055,Economy,85.04,EUR,2025-09-30,website
B038855,P00203,F0577,A031,Economy,129.72,EUR,2025-09-30,mobile_app
B038856,P02167,F0568,A013,Economy,100.86,GBP,2025-09-30,travel_agency
B038857,P00190,F0652,A018,Economy,125.61,USD,2025-09-30,website
B038858,P01061,F0589,A002,Economy,154.96,USD,2025-09-30,travel_agency
B038859,P02080,F0644,A058,Economy,93.33,GBP,2025-09-30,mobile_app
B038860,P00696,F0491,A017,Business,700.58,GBP,2025-09-30,travel_agency
B038861,P00760,F0681,A079,Economy,161.83,EUR,2025-09-30,mobile_app
B038862,P00200,F0534,A076,Economy,92.53,EUR,2025-09-30,website
B038863,P00347,F0703,A013,Economy,194.56,USD,2025-09-30,website
B038864,P00958,F0642,A080,Economy,134.86,EUR,2025-09-30,mobile_app
B038865,P00153,F0648,A025,Economy,150.78,EUR,2025-09-30,website
B038866,P01980,F0551,A060,Business,623.6,EUR,2025-09-30,website
B038867,P00249,F0608,A002,Premium Economy,452.31,USD,2025-09-30,mobile_app
B038868,P01589,F0534,A076,Premium Economy,391.16,EUR,2025-09-30,website
B038869,P00963,F0316,A073,Economy,150.88,EUR,2025-09-30,website
B038870,P01218,F0673,A038,Economy,99.19,EUR,2025-09-30,website
B038871,P00543,F0618,A074,Premium Economy,266.08,USD,2025-09-30,mobile_app
B038872,P00246,F0557,A063,Economy,90.23,USD,2025-09-30,website
B038873,P01569,F0669,A069,Economy,122.61,EUR,2025-09-30,call_center
B038874,P01450,F0538,A003,Economy,128.79,USD,2025-09-30,website
B038875,P01790,F0681,A079,Economy,143.32,EUR,2025-09-30,website
B038876,P01081,F0638,A067,Economy,183.72,USD,2025-09-30,travel_agency
B038877,P01325,F0626,A005,Economy,93.84,USD,2025-09-30,mobile_app
B038878,P00965,F0710,A029,Economy,195.18,GBP,2025-09-30,website
B038879,P00503,F0664,A055,Economy,166.24,USD,2025-09-30,website
B038880,P01579,F0559,A018,Economy,82.37,EUR,2025-09-30,website
B038881,P01857,F0590,A054,Economy,87.08,EUR,2025-09-30,travel_agency
B038882,P00650,F0642,A080,Economy,98.14,EUR,2025-09-30,website
B038883,P00787,F0611,A012,Economy,105.52,USD,2025-09-30,travel_agency
B038884,P00742,F0637,A080,Business,989.65,GBP,2025-09-30,call_center
B038885,P01180,F0490,A075,Economy,166.96,EUR,2025-09-30,website
B038886,P00262,F0534,A076,Economy,91.51,USD,2025-09-30,call_center
B038887,P01363,F0598,A001,Economy,137.8,EUR,2025-09-30,website
B038888,P01971,F0514,A052,Business,1221.07,EUR,2025-09-30,travel_agency
B038889,P00648,F0678,A055,Premium Economy,288.66,EUR,2025-09-30,call_center
B038890,P01057,F0711,A033,Premium Economy,300.7,USD,2025-09-30,website
B038891,P00131,F0659,A021,Economy,137.97,EUR,2025-09-30,call_center
B038892,P01837,F0662,A035,Economy,105.12,GBP,2025-09-30,mobile_app
B038893,P00506,F0668,A018,Economy,96.38,USD,2025-09-30,website
B038894,P00500,F0614,A056,Economy,185.41,GBP,2025-09-30,website
B038895,P01758,F0665,A071,Economy,90.56,EUR,2025-09-30,mobile_app
B038896,P01806,F0513,A033,Economy,150.05,USD,2025-09-30,call_center
B038897,P01270,F0640,A038,Economy,113.54,EUR,2025-09-30,website
B038898,P01389,F0654,A038,Economy,172.26,USD,2025-09-30,mobile_app
B038899,P00421,F0010,A001,Business,772.69,USD,2025-09-30,call_center
B038900,P01252,F0112,A065,Economy,122.68,USD,2025-09-30,call_center
B038901,P01101,F0318,A010,Economy,141.34,USD,2025-09-30,call_center
B038902,P00125,F0696,A051,Business,832.58,EUR,2025-09-30,mobile_app
B038903,P01561,F0626,A005,Economy,164.53,EUR,2025-09-30,website
B038904,P01543,F0655,A020,Economy,102.22,EUR,2025-09-30,travel_agency
B038905,P02116,F0537,A076,Economy,179.45,EUR,2025-09-30,travel_agency
B038906,P00964,F0665,A071,Economy,120.1,USD,2025-09-30,mobile_app
B038907,P01166,F0489,A067,Economy,141.94,EUR,2025-09-30,website
B038908,P01102,F0713,A065,Premium Economy,479.09,USD,2025-09-30,mobile_app
B038909,P00063,F0591,A063,Business,1422.43,USD,2025-09-30,mobile_app
B038910,P00399,F0650,A041,Economy,123.95,USD,2025-09-30,mobile_app
B038911,P02129,F0602,A044,Economy,75.17,USD,2025-09-30,travel_agency
B038912,P01335,F0638,A067,Economy,180.53,EUR,2025-09-30,mobile_app
B038913,P00880,F0526,A021,Economy,156.65,USD,2025-09-30,travel_agency
B038914,P01066,F0620,A055,Premium Economy,215.62,EUR,2025-09-30,website
B038915,P01986,F0564,A042,First,2135.23,GBP,2025-09-30,travel_agency
B038916,P00918,F0577,A031,Economy,154.78,EUR,2025-09-30,mobile_app
B038917,P01495,F0568,A013,Economy,73.41,USD,2025-09-30,call_center
B038918,P01382,F0711,A033,Economy,114.57,EUR,2025-09-30,mobile_app
B038919,P01047,F0066,A051,Economy,108.39,USD,2025-09-30,website
B038920,P01175,F0669,A069,Premium Economy,439.11,EUR,2025-09-30,website
B038921,P02191,F0628,A048,Premium Economy,206.89,USD,2025-09-30,website
B038922,P01321,F0665,A071,Economy,76.78,USD,2025-09-30,travel_agency
B038923,P00728,F0623,A068,Business,1360.97,EUR,2025-09-30,mobile_app
B038924,P02176,F0629,A059,Economy,158.33,EUR,2025-09-30,website
B038925,P01450,F0703,A013,Premium Economy,240.12,GBP,2025-09-30,mobile_app
B038926,P01386,F0650,A041,Economy,115.8,EUR,2025-09-30,website
B038927,P02201,F0662,A035,Economy,155.98,EUR,2025-09-30,mobile_app
B038928,P00044,F0567,A060,Economy,186.93,EUR,2025-09-30,website
B038929,P00933,F0674,A058,Business,537.83,EUR,2025-09-30,travel_agency
B038930,P01053,F0549,A041,Economy,90.1,USD,2025-09-30,website
