flight_id,flight_number,airline,origin_airport_id,destination_airport_id,flight_date,departure_time,arrival_time,aircraft_type
F0001,QR4486,Qatar Airways,A042,A008,2025-09-22,10:30,12:02,Airbus A321
F0002,EK7617,Emirates,A073,A041,2025-09-07,15:30,03:41,Airbus A330
F0003,IB9677,Iberia,A018,A032,2025-09-09,09:55,16:56,Boeing 737 MAX 8
F0004,AC8185,Air Canada,A075,A052,2025-09-29,04:40,09:24,Airbus A321
F0005,LH7016,Lufthansa,A007,A015,2025-09-25,05:50,17:32,Embraer E190
F0006,CA9164,Air China,A050,A049,2025-09-03,16:20,01:19,Airbus A320
F0007,SQ4908,Singapore Airlines,A015,A069,2025-09-22,10:05,22:01,Boeing 737 MAX 8
F0008,SQ1843,Singapore Airlines,A059,A001,2025-09-06,05:40,15:12,Airbus A380
F0009,EK8937,Emirates,A065,A078,2025-09-27,11:10,14:46,Boeing 787-9
F0010,TK6047,Turkish Airlines,A001,A077,2025-09-30,00:05,09:25,Airbus A380
F0011,LX8062,Swiss International Air Lines,A008,A031,2025-09-08,02:55,05:15,Airbus A321
F0012,LH2805,Lufthansa,A069,A017,2025-09-25,15:40,03:55,Airbus A380
F0013,EK3395,Emirates,A078,A055,2025-09-17,23:55,10:07,Airbus A380
F0014,EY3781,Etihad Airways,A048,A057,2025-09-13,03:15,11:57,Airbus A321
F0015,IB217,Iberia,A003,A076,2025-09-11,18:15,23:10,Airbus A321
F0016,UA8523,United Airlines,A008,A030,2025-09-23,10:05,11:37,Airbus A350
F0017,IB9540,Iberia,A063,A028,2025-09-09,23:45,03:00,Boeing 777-300ER
F0018,EK7162,Emirates,A061,A053,2025-09-08,03:50,06:26,Boeing 737-800
F0019,DL1712,Delta Air Lines,A053,A060,2025-09-14,20:50,09:19,Airbus A320
F0020,QR7450,Qatar Airways,A044,A014,2025-09-13,06:40,10:56,Airbus A330
F0021,NH9116,ANA,A024,A036,2025-09-14,02:35,07:50,Airbus A321
F0022,UA8056,United Airlines,A070,A002,2025-09-02,05:30,10:32,Boeing 777-300ER
F0023,BA4445,British Airways,A052,A008,2025-09-07,00:30,07:58,Boeing 777-300ER
F0024,JL3666,Japan Airlines,A055,A072,2025-09-10,06:20,09:58,Airbus A320
F0025,TK7911,Turkish Airlines,A070,A008,2025-09-20,01:45,03:43,Boeing 787-9
F0026,DL1222,Delta Air Lines,A068,A021,2025-09-30,02:10,11:50,Embraer E190
F0027,AA9840,American Airlines,A031,A052,2025-09-03,07:45,18:28,Airbus A320
F0028,LX4372,Swiss International Air Lines,A011,A054,2025-09-20,16:25,03:03,Airbus A350
F0029,SQ5015,Singapore Airlines,A041,A031,2025-09-22,04:50,12:35,Boeing 777-300ER
F0030,NH1300,ANA,A010,A002,2025-09-11,19:25,08:23,Boeing 787-9
F0031,LH6154,Lufthansa,A065,A034,2025-09-07,02:15,09:12,Airbus A380
F0032,KL228,KLM,A057,A070,2025-09-06,20:40,08:06,Boeing 787-9
F0033,SQ9164,Singapore Airlines,A014,A018,2025-09-10,03:55,06:53,Airbus A330
F0034,EK4425,Emirates,A037,A078,2025-09-09,06:50,13:41,Boeing 787-9
F0035,UA822,United Airlines,A033,A007,2025-09-16,13:20,01:09,Airbus A320
F0036,BA7107,British Airways,A017,A034,2025-09-11,17:55,02:27,Boeing 787-9
F0037,LH9643,Lufthansa,A015,A010,2025-09-01,01:25,11:43,Boeing 787-9
F0038,DL5962,Delta Air Lines,A056,A017,2025-09-05,11:00,17:15,Airbus A350
F0039,AC2632,Air Canada,A032,A014,2025-09-22,13:45,00:18,Airbus A350
F0040,CX5542,Cathay Pacific,A021,A023,2025-09-28,05:55,07:20,Boeing 737 MAX 8
F0041,BA734,British Airways,A032,A035,2025-09-26,03:30,16:28,Boeing 777-300ER
F0042,AC487,Air Canada,A026,A059,2025-09-08,07:15,13:27,Airbus A350
F0043,UA8446,United Airlines,A043,A036,2025-09-13,11:50,17:35,Boeing 737 MAX 8
F0045,CX7249,Cathay Pacific,A014,A077,2025-09-02,23:25,06:18,Embraer E190
F0046,LX7244,Swiss International Air Lines,A015,A050,2025-09-17,08:00,12:14,Airbus A320
F0047,AC5509,Air Canada,A069,A026,2025-09-17,02:50,11:11,Embraer E190
F0048,EY5444,Etihad Airways,A016,A039,2025-09-11,21:30,03:46,Boeing 737 MAX 8
F0049,LH6311,Lufthansa,A038,A071,2025-09-23,13:50,18:06,Airbus A330
F0050,QF4800,Qantas,A073,A039,2025-09-20,00:20,10:41,Airbus A350
F0051,TK3601,Turkish Airlines,A075,A078,2025-09-14,14:35,23:31,Boeing 787-9
F0052,KL5591,KLM,A022,A011,2025-09-16,21:50,07:37,Airbus A321
F0053,QR857,Qatar Airways,A031,A040,2025-09-27,04:00,08:23,Airbus A350
F0054,NH3285,ANA,A079,A010,2025-09-16,20:45,04:49,Boeing 737 MAX 8
F0055,LH1846,Lufthansa,A052,A032,2025-09-16,13:55,18:20,Boeing 737 MAX 8
F0056,NH2088,ANA,A023,A067,2025-09-08,17:15,19:06,Boeing 777-300ER
F0057,IB8370,Iberia,A060,A068,2025-09-05,10:35,21:44,Boeing 737 MAX 8
F0058,BA4150,British Airways,A071,A058,2025-09-27,14:20,23:26,Airbus A380
F0059,QR4781,Qatar Airways,A067,A063,2025-09-25,14:05,19:46,Airbus A350
F0060,IB3888,Iberia,A043,A041,2025-09-09,04:10,06:32,Boeing 737 MAX 8
F0061,UA8990,United Airlines,A020,A028,2025-09-23,13:25,21:29,Boeing 777-300ER
F0062,CX420,Cathay Pacific,A008,A027,2025-09-14,18:55,02:33,Embraer E190
F0063,AC8918,Air Canada,A062,A001,2025-09-13,12:30,18:35,Boeing 787-9
F0064,JL8056,Japan Airlines,A078,A029,2025-09-26,08:30,13:14,Airbus A320
F0065,BA8851,British Airways,A044,A052,2025-09-13,04:45,13:43,Airbus A320
F0066,LX7122,Swiss International Air Lines,A051,A076,2025-09-30,00:05,12:23,Airbus A330
F0067,DL3567,Delta Air Lines,A060,A024,2025-09-28,12:25,17:51,Boeing 777-300ER
F0068,SQ7805,Singapore Airlines,A044,A049,2025-09-11,08:05,16:16,Airbus A320
F0069,AC759,Air Canada,A070,A007,2025-09-24,20:05,00:54,Airbus A320
F0071,SQ1976,Singapore Airlines,A028,A060,2025-09-19,05:45,13:02,Airbus A330
F0073,LX1769,Swiss International Air Lines,A026,A010,2025-09-23,20:15,09:02,Airbus A380
F0074,LX7118,Swiss International Air Lines,A077,A016,2025-09-28,11:40,13:22,Boeing 737-800
F0075,AF7202,Air France,A065,A044,2025-09-03,15:05,23:15,Boeing 737-800
F0076,CX4525,Cathay Pacific,A059,A020,2025-09-21,23:40,03:40,Embraer E190
F0077,NH4497,ANA,A069,A062,2025-09-26,23:45,08:11,Boeing 737-800
F0078,SQ9436,Singapore Airlines,A032,A012,2025-09-28,07:35,16:16,Embraer E190
F0079,AF8088,Air France,A049,A044,2025-09-22,10:10,19:36,Airbus A350
F0080,SQ9206,Singapore Airlines,A034,A044,2025-09-12,22:20,09:30,Airbus A320
F0081,QR4037,Qatar Airways,A025,A011,2025-09-17,15:40,23:36,Boeing 777-300ER
F0082,AF6725,Air France,A063,A058,2025-09-21,09:15,11:50,Airbus A350
F0083,JL7071,Japan Airlines,A075,A048,2025-09-10,16:25,02:51,Boeing 787-9
F0084,SQ2076,Singapore Airlines,A046,A059,2025-09-11,08:15,14:28,Airbus A350
F0085,BA8033,British Airways,A016,A069,2025-09-11,06:55,11:11,Airbus A380
F0086,CA4953,Air China,A076,A068,2025-09-24,03:15,09:04,Airbus A350
F0087,AF845,Air France,A023,A039,2025-09-12,04:20,14:26,Airbus A320
F0088,JL4758,Japan Airlines,A038,A017,2025-09-18,00:45,03:30,Boeing 777-300ER
F0090,LX2585,Swiss International Air Lines,A063,A010,2025-09-13,21:00,08:44,Airbus A330
F0091,UA6918,United Airlines,A073,A039,2025-09-26,03:40,08:54,Embraer E190
F0092,EY4971,Etihad Airways,A080,A029,2025-09-20,14:35,22:04,Embraer E190
F0093,CA1725,Air China,A040,A073,2025-09-14,19:55,21:56,Airbus A350
F0094,UA9143,United Airlines,A028,A034,2025-09-21,07:10,10:50,Airbus A321
F0095,NH4871,ANA,A001,A053,2025-09-06,19:35,08:20,Airbus A320
F0096,UA9763,United Airlines,A037,A059,2025-09-08,07:20,20:03,Airbus A350
F0097,QR2430,Qatar Airways,A015,A070,2025-09-14,04:20,16:23,Airbus A321
F0098,CA2137,Air China,A022,A040,2025-09-02,09:35,20:17,Boeing 777-300ER
F0099,SQ7272,Singapore Airlines,A039,A052,2025-09-23,17:35,03:07,Airbus A321
F0101,AF759,Air France,A074,A076,2025-09-22,08:45,21:13,Airbus A330
F0102,SQ8156,Singapore Airlines,A067,A057,2025-09-16,18:30,22:35,Airbus A321
F0103,TK2734,Turkish Airlines,A045,A053,2025-09-16,21:05,03:33,Boeing 737-800
F0104,QF1542,Qantas,A064,A037,2025-09-14,01:35,11:58,Boeing 737-800
F0105,QF8989,Qantas,A042,A015,2025-09-09,00:50,10:36,Boeing 777-300ER
F0106,EY7342,Etihad Airways,A007,A025,2025-09-14,19:35,02:45,Airbus A320
F0107,LH8041,Lufthansa,A035,A071,2025-09-07,14:55,20:49,Airbus A321
F0108,BA9148,British Airways,A078,A031,2025-09-01,17:00,23:18,Boeing 737 MAX 8
F0109,NH8265,ANA,A029,A015,2025-09-03,20:10,23:10,Airbus A380
F0110,JL9131,Japan Airlines,A035,A054,2025-09-17,07:35,16:38,Airbus A330
F0111,EY6898,Etihad Airways,A025,A077,2025-09-13,02:20,05:39,Boeing 737-800
F0112,AF9716,Air France,A065,A035,2025-09-30,23:20,05:09,Embraer E190
F0113,NH5546,ANA,A063,A020,2025-09-22,15:25,01:36,Boeing 787-9
F0114,NH4012,ANA,A070,A049,2025-09-25,06:55,13:24,Embraer E190
F0115,DL6346,Delta Air Lines,A030,A053,2025-09-13,23:35,06:00,Boeing 737 MAX 8
F0116,DL5539,Delta Air Lines,A020,A064,2025-09-22,16:45,19:54,Airbus A321
F0117,EY2461,Etihad Airways,A057,A013,2025-09-28,00:55,09:42,Boeing 737 MAX 8
F0118,JL6612,Japan Airlines,A020,A010,2025-09-28,10:45,16:16,Airbus A321
F0119,QF8094,Qantas,A043,A069,2025-09-28,20:55,03:19,Boeing 787-9
F0120,QR3827,Qatar Airways,A080,A009,2025-09-02,21:20,09:06,Airbus A321
F0121,BA853,British Airways,A013,A057,2025-09-14,09:00,21:50,Boeing 737-800
F0122,AC4100,Air Canada,A008,A038,2025-09-26,13:10,20:33,Boeing 787-9
F0123,BA6367,British Airways,A073,A024,2025-09-14,02:45,06:44,Embraer E190
F0124,LX4261,Swiss International Air Lines,A031,A064,2025-09-22,07:35,11:01,Boeing 777-300ER
F0125,KL1310,KLM,A002,A060,2025-09-09,17:10,05:43,Boeing 777-300ER
F0126,CX5049,Cathay Pacific,A076,A039,2025-09-12,08:35,21:21,Airbus A350
F0127,QR9517,Qatar Airways,A062,A014,2025-09-13,18:25,01:55,Airbus A380
F0128,QF903,Qantas,A038,A003,2025-09-23,00:45,06:26,Embraer E190
F0129,QR3215,Qatar Airways,A064,A037,2025-09-24,11:15,22:36,Embraer E190
F0130,DL9595,Delta Air Lines,A018,A013,2025-09-09,14:00,20:16,Boeing 737-800
F0131,KL2977,KLM,A017,A012,2025-09-24,23:30,06:04,Airbus A350
F0132,EY4310,Etihad Airways,A070,A047,2025-09-05,08:10,17:43,Boeing 777-300ER
F0133,AA3796,American Airlines,A038,A044,2025-09-26,02:10,11:09,Boeing 737 MAX 8
F0134,UA8891,United Airlines,A072,A047,2025-09-28,00:20,08:04,Airbus A321
F0135,LX1875,Swiss International Air Lines,A048,A034,2025-09-15,20:25,03:55,Airbus A350
F0136,IB1135,Iberia,A004,A080,2025-09-16,19:15,01:50,Boeing 777-300ER
F0137,AA5086,American Airlines,A039,A053,2025-09-30,01:00,04:23,Boeing 777-300ER
F0138,IB6178,Iberia,A013,A031,2025-09-04,12:35,15:53,Boeing 787-9
F0139,CX6786,Cathay Pacific,A076,A020,2025-09-14,03:35,15:45,Airbus A380
F0140,NH1727,ANA,A048,A028,2025-09-02,07:25,16:00,Boeing 737-800
F0141,QF7550,Qantas,A046,A008,2025-09-18,06:05,11:47,Airbus A330
F0142,AF2163,Air France,A028,A077,2025-09-22,10:15,12:06,Embraer E190
F0143,EK5483,Emirates,A009,A071,2025-09-07,06:15,17:15,Airbus A330
F0144,SQ4206,Singapore Airlines,A077,A001,2025-09-26,04:40,08:08,Airbus A330
F0145,AF5404,Air France,A004,A017,2025-09-04,07:45,14:51,Airbus A320
F0146,LH1141,Lufthansa,A034,A007,2025-09-06,16:05,00:16,Boeing 777-300ER
F0147,LX3729,Swiss International Air Lines,A047,A066,2025-09-15,14:40,17:31,Embraer E190
F0148,NH7947,ANA,A067,A039,2025-09-02,00:00,11:58,Boeing 737 MAX 8
F0149,NH2530,ANA,A014,A063,2025-09-14,02:25,04:40,Airbus A321
F0150,LX6340,Swiss International Air Lines,A036,A080,2025-09-05,22:25,08:46,Embraer E190
F0151,EY1974,Etihad Airways,A038,A059,2025-09-17,13:05,00:24,Boeing 787-9
F0152,NH7530,ANA,A028,A056,2025-09-24,13:25,18:18,Boeing 737 MAX 8
F0153,CX6232,Cathay Pacific,A013,A041,2025-09-14,21:20,03:40,Airbus A330
F0154,UA1682,United Airlines,A061,A009,2025-09-22,02:30,04:57,Boeing 737-800
F0155,DL5500,Delta Air Lines,A017,A072,2025-09-26,17:40,04:40,Airbus A321
F0156,DL5861,Delta Air Lines,A046,A055,2025-09-14,19:20,01:14,Airbus A321
F0157,LH1873,Lufthansa,A065,A028,2025-09-19,15:15,03:27,Boeing 737-800
F0158,AA7130,American Airlines,A072,A048,2025-09-28,18:15,00:00,Boeing 787-9
F0159,IB4481,Iberia,A080,A079,2025-09-25,19:50,21:16,Airbus A320
F0160,TK2447,Turkish Airlines,A035,A040,2025-09-06,00:10,07:09,Embraer E190
F0161,LH8791,Lufthansa,A052,A009,2025-09-22,00:05,11:53,Airbus A350
F0163,LH1436,Lufthansa,A011,A007,2025-09-20,19:00,22:41,Airbus A380
F0164,CA3631,Air China,A055,A063,2025-09-15,13:20,21:52,Boeing 787-9
F0166,QR225,Qatar Airways,A040,A006,2025-09-17,19:00,02:44,Airbus A350
F0167,SQ226,Singapore Airlines,A028,A018,2025-09-10,10:05,16:01,Boeing 777-300ER
F0168,LH3870,Lufthansa,A056,A023,2025-09-24,17:55,01:24,Boeing 787-9
F0169,QF7632,Qantas,A046,A010,2025-09-18,13:00,14:43,Airbus A321
F0170,CX6943,Cathay Pacific,A041,A074,2025-09-28,12:55,23:42,Airbus A380
F0171,TK6028,Turkish Airlines,A052,A003,2025-09-04,19:35,23:30,Airbus A321
F0172,CX1388,Cathay Pacific,A014,A032,2025-09-14,12:40,23:43,Boeing 737 MAX 8
F0173,QR8463,Qatar Airways,A040,A044,2025-09-28,05:05,11:46,Airbus A321
F0174,AC2519,Air Canada,A066,A025,2025-09-17,23:50,06:49,Airbus A350
F0175,EK1334,Emirates,A019,A033,2025-09-04,19:10,23:07,Airbus A330
F0176,LX9348,Swiss International Air Lines,A064,A060,2025-09-25,14:50,01:43,Embraer E190
F0177,NH5061,ANA,A041,A020,2025-09-11,15:35,17:44,Airbus A380
F0178,EY7504,Etihad Airways,A008,A046,2025-09-19,09:35,11:50,Airbus A320
F0179,UA9833,United Airlines,A048,A037,2025-09-02,23:25,02:30,Boeing 787-9
F0180,IB3184,Iberia,A060,A075,2025-09-13,14:45,16:27,Boeing 737-800
F0181,LH5726,Lufthansa,A061,A065,2025-09-20,14:05,16:08,Airbus A321
F0182,QR8664,Qatar Airways,A023,A006,2025-09-17,14:40,23:08,Embraer E190
F0183,KL9895,KLM,A047,A048,2025-09-06,13:25,21:01,Airbus A320
F0184,TK6433,Turkish Airlines,A043,A009,2025-09-26,17:50,20:26,Airbus A380
F0185,TK2417,Turkish Airlines,A078,A020,2025-09-09,18:50,21:13,Boeing 737-800
F0186,CA6271,Air China,A051,A017,2025-09-10,09:40,12:06,Boeing 737-800
F0187,UA8431,United Airlines,A017,A068,2025-09-27,21:30,09:31,Boeing 737-800
F0188,BA3245,British Airways,A047,A040,2025-09-01,10:35,15:14,Airbus A350
F0189,KL8726,KLM,A020,A010,2025-09-05,16:40,19:23,Airbus A320
F0190,LH2758,Lufthansa,A044,A080,2025-09-22,12:10,23:21,Airbus A330
F0191,NH3991,ANA,A080,A022,2025-09-27,13:25,15:09,Boeing 777-300ER
F0192,QR7784,Qatar Airways,A037,A058,2025-09-20,07:20,17:26,Airbus A350
F0193,NH8741,ANA,A074,A057,2025-09-12,12:40,18:28,Boeing 737 MAX 8
F0194,LH7973,Lufthansa,A026,A078,2025-09-06,01:50,07:06,Boeing 737-800
F0195,AA4569,American Airlines,A014,A067,2025-09-18,02:10,08:01,Boeing 777-300ER
F0196,CX5827,Cathay Pacific,A066,A019,2025-09-29,07:35,10:08,Airbus A320
F0197,EY1437,Etihad Airways,A007,A051,2025-09-14,07:30,14:52,Boeing 737-800
F0198,AA2354,American Airlines,A004,A041,2025-09-08,10:10,22:15,Airbus A320
F0199,JL1398,Japan Airlines,A061,A018,2025-09-10,19:00,03:39,Airbus A320
F0200,IB1921,Iberia,A028,A020,2025-09-09,16:30,03:53,Airbus A380
F0201,DL7589,Delta Air Lines,A039,A016,2025-09-08,13:50,18:54,Airbus A321
F0202,IB9521,Iberia,A064,A077,2025-09-04,20:40,21:56,Airbus A350
F0203,CX4041,Cathay Pacific,A019,A038,2025-09-23,19:25,20:26,Embraer E190
F0204,EY9014,Etihad Airways,A024,A011,2025-09-14,02:40,09:49,Boeing 787-9
F0206,UA1798,United Airlines,A003,A046,2025-09-09,07:55,14:48,Embraer E190
F0207,DL2968,Delta Air Lines,A043,A018,2025-09-24,17:25,00:25,Boeing 777-300ER
F0209,DL6624,Delta Air Lines,A006,A026,2025-09-07,09:40,16:03,Boeing 787-9
F0210,EK5538,Emirates,A033,A005,2025-09-16,11:00,16:52,Airbus A380
F0211,QF3160,Qantas,A048,A056,2025-09-04,12:25,20:55,Boeing 777-300ER
F0212,EY7055,Etihad Airways,A064,A048,2025-09-23,02:55,08:28,Airbus A321
F0213,IB1411,Iberia,A078,A024,2025-09-14,10:05,16:05,Boeing 737-800
F0214,NH2830,ANA,A038,A040,2025-09-22,22:30,09:47,Boeing 777-300ER
F0216,EY2439,Etihad Airways,A052,A047,2025-09-22,05:00,17:35,Embraer E190
F0217,LH6101,Lufthansa,A057,A005,2025-09-22,07:50,09:58,Boeing 737-800
F0218,CA6177,Air China,A073,A005,2025-09-13,21:35,01:12,Boeing 737-800
F0219,LH5250,Lufthansa,A010,A074,2025-09-15,11:30,21:32,Airbus A380
F0220,BA9302,British Airways,A015,A004,2025-09-08,16:30,02:01,Airbus A321
F0221,EK8147,Emirates,A034,A058,2025-09-09,09:55,21:21,Airbus A350
F0222,NH1538,ANA,A018,A010,2025-09-04,22:35,02:31,Boeing 737-800
F0223,IB2680,Iberia,A045,A009,2025-09-22,09:20,19:35,Airbus A330
F0224,QR3978,Qatar Airways,A047,A066,2025-09-26,06:10,09:14,Boeing 777-300ER
F0225,LX2226,Swiss International Air Lines,A047,A071,2025-09-01,14:40,21:57,Embraer E190
F0226,KL7942,KLM,A012,A009,2025-09-29,22:55,06:42,Boeing 787-9
F0227,UA1315,United Airlines,A053,A074,2025-09-14,10:50,13:58,Boeing 777-300ER
F0228,LH3081,Lufthansa,A067,A045,2025-09-15,20:45,07:09,Airbus A330
F0229,AA2797,American Airlines,A065,A008,2025-09-14,04:20,14:10,Airbus A330
F0230,EY3316,Etihad Airways,A029,A045,2025-09-11,02:20,08:10,Boeing 787-9
F0231,CA2862,Air China,A017,A039,2025-09-09,02:40,12:46,Embraer E190
F0232,CA774,Air China,A020,A022,2025-09-19,10:45,22:04,Airbus A320
F0233,SQ6925,Singapore Airlines,A006,A074,2025-09-03,06:45,18:51,Embraer E190
F0234,IB8012,Iberia,A004,A064,2025-09-21,20:20,02:16,Airbus A350
F0235,NH2689,ANA,A052,A039,2025-09-26,22:00,00:14,Boeing 777-300ER
F0236,EK5221,Emirates,A062,A060,2025-09-14,19:10,01:58,Boeing 737-800
F0237,LH1839,Lufthansa,A045,A052,2025-09-24,16:40,23:59,Boeing 737-800
F0238,SQ1686,Singapore Airlines,A060,A016,2025-09-08,07:10,15:50,Airbus A320
F0239,CX9564,Cathay Pacific,A050,A079,2025-09-10,05:25,10:39,Boeing 737-800
F0240,EY8248,Etihad Airways,A021,A064,2025-09-07,15:20,00:18,Airbus A320
F0241,NH5881,ANA,A051,A065,2025-09-03,06:45,11:51,Airbus A320
F0242,CA4781,Air China,A037,A064,2025-09-02,21:35,09:44,Boeing 787-9
F0243,LH6706,Lufthansa,A014,A056,2025-09-01,23:25,04:55,Boeing 737-800
F0244,LX9164,Swiss International Air Lines,A052,A007,2025-09-02,06:25,17:00,Airbus A380
F0245,NH2046,ANA,A050,A065,2025-09-03,08:45,19:08,Airbus A330
F0246,TK3361,Turkish Airlines,A051,A048,2025-09-04,11:10,21:41,Embraer E190
F0247,DL5556,Delta Air Lines,A052,A065,2025-09-17,01:10,02:56,Boeing 777-300ER
F0248,CA5318,Air China,A059,A020,2025-09-17,04:25,14:12,Airbus A330
F0249,LX8821,Swiss International Air Lines,A079,A039,2025-09-13,16:40,23:24,Boeing 777-300ER
F0250,JL1895,Japan Airlines,A073,A039,2025-09-19,11:25,12:42,Boeing 737 MAX 8
F0251,CA9577,Air China,A040,A004,2025-09-19,08:50,17:55,Embraer E190
F0252,JL6329,Japan Airlines,A007,A075,2025-09-08,16:50,20:44,Airbus A330
F0253,LX410,Swiss International Air Lines,A032,A005,2025-09-27,03:15,16:12,Boeing 777-300ER
F0254,CX8321,Cathay Pacific,A054,A020,2025-09-11,06:30,19:17,Embraer E190
F0255,LH5425,Lufthansa,A061,A008,2025-09-30,06:40,16:31,Boeing 777-300ER
F0256,BA9050,British Airways,A049,A041,2025-09-17,17:25,02:15,Boeing 737-800
F0257,JL9243,Japan Airlines,A034,A079,2025-09-22,07:20,11:36,Airbus A380
F0258,EK5294,Emirates,A039,A037,2025-09-08,22:35,11:21,Boeing 777-300ER
F0259,KL8999,KLM,A072,A036,2025-09-12,18:50,21:54,Boeing 737 MAX 8
F0260,LH1394,Lufthansa,A051,A045,2025-09-29,01:20,07:17,Boeing 737-800
F0261,JL4542,Japan Airlines,A057,A033,2025-09-30,06:40,11:19,Boeing 787-9
F0262,AA4020,American Airlines,A035,A018,2025-09-23,23:45,11:15,Airbus A350
F0263,QR5511,Qatar Airways,A068,A029,2025-09-02,03:30,05:23,Boeing 777-300ER
F0264,IB7893,Iberia,A018,A001,2025-09-04,13:50,17:31,Boeing 777-300ER
F0265,TK1565,Turkish Airlines,A026,A037,2025-09-21,20:00,01:52,Embraer E190
F0266,BA6604,British Airways,A069,A005,2025-09-08,05:00,13:07,Boeing 777-300ER
F0267,AF1858,Air France,A038,A005,2025-09-06,18:45,00:50,Boeing 737-800
F0268,EY7768,Etihad Airways,A059,A070,2025-09-10,04:40,14:05,Airbus A380
F0269,BA3150,British Airways,A015,A043,2025-09-07,20:20,05:09,Airbus A320
F0270,LX6743,Swiss International Air Lines,A044,A038,2025-09-24,06:10,18:40,Boeing 737 MAX 8
F0271,QF2403,Qantas,A042,A012,2025-09-17,03:10,15:35,Boeing 777-300ER
F0272,SQ4474,Singapore Airlines,A032,A001,2025-09-11,07:35,15:07,Boeing 737-800
F0273,AF3971,Air France,A075,A074,2025-09-10,20:25,01:52,Airbus A320
F0274,KL8333,KLM,A016,A060,2025-09-22,12:50,16:33,Airbus A380
F0275,AC2288,Air Canada,A016,A038,2025-09-23,07:15,18:44,Boeing 777-300ER
F0276,AC7814,Air Canada,A059,A078,2025-09-05,22:40,06:45,Boeing 787-9
F0277,CA8753,Air China,A028,A032,2025-09-26,16:35,18:58,Boeing 737-800
F0278,DL9483,Delta Air Lines,A073,A015,2025-09-03,16:15,02:35,Boeing 787-9
F0279,EY3465,Etihad Airways,A022,A042,2025-09-05,03:50,12:22,Embraer E190
F0280,NH8509,ANA,A012,A066,2025-09-16,14:10,16:06,Boeing 737 MAX 8
F0281,IB456,Iberia,A073,A008,2025-09-15,21:20,06:13,Boeing 737 MAX 8
F0282,LX5744,Swiss International Air Lines,A001,A028,2025-09-09,01:30,03:44,Airbus A321
F0283,JL3048,Japan Airlines,A008,A009,2025-09-18,09:30,11:02,Airbus A330
F0284,QF1414,Qantas,A054,A048,2025-09-25,12:30,21:09,Boeing 787-9
F0285,BA2186,British Airways,A045,A016,2025-09-05,12:40,22:50,Airbus A350
F0286,KL9020,KLM,A001,A003,2025-09-27,21:55,06:49,Boeing 737 MAX 8
F0287,QR4616,Qatar Airways,A049,A030,2025-09-18,11:10,20:01,Airbus A350
F0288,CX3476,Cathay Pacific,A015,A005,2025-09-30,00:15,11:44,Airbus A321
F0289,NH897,ANA,A077,A005,2025-09-04,21:55,09:07,Boeing 737 MAX 8
F0290,NH1024,ANA,A006,A052,2025-09-24,17:15,22:14,Airbus A330
F0291,LX5353,Swiss International Air Lines,A038,A030,2025-09-17,18:45,01:11,Airbus A350
F0292,QR1098,Qatar Airways,A019,A067,2025-09-10,09:20,17:23,Boeing 787-9
F0293,IB6344,Iberia,A023,A055,2025-09-19,01:25,10:52,Boeing 787-9
F0294,LH8913,Lufthansa,A054,A053,2025-09-11,12:10,18:17,Boeing 777-300ER
F0295,LH6861,Lufthansa,A029,A039,2025-09-08,01:40,10:34,Boeing 737 MAX 8
F0296,QF5511,Qantas,A068,A018,2025-09-18,08:15,13:23,Airbus A321
F0297,UA944,United Airlines,A058,A048,2025-09-30,23:15,09:23,Airbus A380
F0298,UA9256,United Airlines,A078,A006,2025-09-13,18:55,23:07,Airbus A350
F0299,KL2022,KLM,A027,A043,2025-09-16,06:15,07:30,Boeing 777-300ER
F0300,EK5369,Emirates,A032,A078,2025-09-30,07:40,15:26,Airbus A380
F0301,AC8501,Air Canada,A060,A069,2025-09-13,08:25,14:40,Boeing 777-300ER
F0302,TK6881,Turkish Airlines,A013,A061,2025-09-15,11:25,15:53,Airbus A320
F0303,AF9588,Air France,A029,A019,2025-09-19,17:45,23:12,Boeing 737 MAX 8
F0304,TK4126,Turkish Airlines,A020,A026,2025-09-10,12:45,17:40,Boeing 777-300ER
F0305,JL7650,Japan Airlines,A044,A033,2025-09-18,23:35,11:32,Airbus A330
F0306,LH8982,Lufthansa,A046,A022,2025-09-24,15:10,01:29,Airbus A320
F0307,DL3891,Delta Air Lines,A005,A010,2025-09-17,13:10,14:16,Airbus A321
F0308,EK1090,Emirates,A020,A002,2025-09-23,14:25,00:02,Embraer E190
F0309,JL9138,Japan Airlines,A079,A062,2025-09-21,00:40,01:56,Boeing 737 MAX 8
F0310,SQ8328,Singapore Airlines,A003,A068,2025-09-01,09:00,19:08,Boeing 737 MAX 8
F0311,AA3244,American Airlines,A023,A014,2025-09-26,04:15,14:11,Embraer E190
F0312,SQ6752,Singapore Airlines,A033,A046,2025-09-17,02:25,10:11,Boeing 777-300ER
F0313,KL619,KLM,A032,A029,2025-09-19,02:50,15:30,Airbus A321
F0314,JL2907,Japan Airlines,A049,A071,2025-09-13,20:00,21:57,Airbus A321
F0315,LX3864,Swiss International Air Lines,A056,A043,2025-09-16,16:00,18:37,Airbus A350
F0316,SQ4693,Singapore Airlines,A073,A061,2025-09-30,02:50,04:37,Boeing 787-9
F0317,TK2462,Turkish Airlines,A005,A023,2025-09-19,06:45,08:01,Boeing 737 MAX 8
F0318,BA6475,British Airways,A010,A039,2025-09-30,07:45,18:22,Boeing 787-9
F0319,UA979,United Airlines,A050,A018,2025-09-11,23:25,08:57,Airbus A321
F0320,TK6599,Turkish Airlines,A030,A010,2025-09-14,19:45,07:04,Boeing 737-800
F0322,UA1304,United Airlines,A075,A049,2025-09-06,09:15,20:48,Airbus A321
F0323,LH1845,Lufthansa,A020,A049,2025-09-09,10:25,18:03,Airbus A321
F0324,AC1530,Air Canada,A040,A057,2025-09-01,03:10,08:46,Airbus A330
F0325,IB530,Iberia,A058,A072,2025-09-14,13:05,22:49,Airbus A321
F0326,CA302,Air China,A071,A012,2025-09-12,10:30,21:42,Airbus A380
F0327,IB2878,Iberia,A050,A011,2025-09-14,18:40,23:48,Boeing 737 MAX 8
F0328,KL1136,KLM,A018,A035,2025-09-06,15:10,20:44,Airbus A330
F0329,KL4223,KLM,A036,A054,2025-09-14,02:25,11:40,Airbus A350
F0330,CA2319,Air China,A064,A077,2025-09-24,14:05,18:25,Airbus A380
F0331,CA5584,Air China,A051,A043,2025-09-01,10:35,18:04,Boeing 737 MAX 8
F0332,KL3390,KLM,A077,A018,2025-09-27,19:55,02:23,Boeing 777-300ER
F0333,TK8144,Turkish Airlines,A023,A051,2025-09-11,23:55,05:53,Embraer E190
F0334,QF1965,Qantas,A032,A042,2025-09-26,12:25,18:12,Embraer E190
F0335,BA7663,British Airways,A076,A070,2025-09-07,17:00,05:38,Airbus A350
F0336,CX5061,Cathay Pacific,A038,A009,2025-09-15,15:10,03:39,Airbus A350
F0337,QF7951,Qantas,A020,A055,2025-09-09,14:45,17:00,Embraer E190
F0338,CX8896,Cathay Pacific,A069,A065,2025-09-13,01:25,11:41,Embraer E190
F0339,QR2825,Qatar Airways,A011,A014,2025-09-21,21:25,09:38,Embraer E190
F0340,TK1715,Turkish Airlines,A073,A052,2025-09-02,02:50,06:15,Airbus A380
F0341,IB3721,Iberia,A066,A067,2025-09-08,22:45,09:39,Boeing 777-300ER
F0342,LX5751,Swiss International Air Lines,A051,A060,2025-09-12,16:10,04:57,Airbus A320
F0343,CX2421,Cathay Pacific,A014,A038,2025-09-16,03:55,06:22,Boeing 737-800
F0344,EK7901,Emirates,A044,A059,2025-09-10,15:25,01:18,Airbus A321
F0345,UA1985,United Airlines,A058,A041,2025-09-15,01:55,08:02,Airbus A320
F0346,BA9142,British Airways,A044,A014,2025-09-28,16:10,21:19,Airbus A330
F0347,NH3122,ANA,A072,A055,2025-09-11,12:50,17:47,Airbus A330
F0348,AF9802,Air France,A056,A051,2025-09-21,06:35,18:03,Boeing 737 MAX 8
F0349,EK9559,Emirates,A001,A028,2025-09-13,22:05,03:50,Airbus A321
F0350,AC1967,Air Canada,A069,A024,2025-09-26,06:35,13:08,Airbus A380
F0351,TK6531,Turkish Airlines,A063,A068,2025-09-22,12:45,23:56,Embraer E190
F0352,NH4973,ANA,A045,A046,2025-09-04,05:50,17:22,Embraer E190
F0353,TK2016,Turkish Airlines,A011,A018,2025-09-19,07:20,10:20,Airbus A330
F0354,QF9517,Qantas,A019,A066,2025-09-12,19:10,03:18,Boeing 737 MAX 8
F0355,IB9191,Iberia,A024,A063,2025-09-14,20:10,09:00,Airbus A330
F0356,BA978,British Airways,A037,A018,2025-09-16,14:45,21:07,Boeing 737-800
F0357,EK8209,Emirates,A063,A018,2025-09-01,17:40,01:13,Boeing 737 MAX 8
F0358,NH9363,ANA,A063,A054,2025-09-22,05:05,14:25,Airbus A320
F0359,DL4829,Delta Air Lines,A029,A038,2025-09-26,07:40,13:21,Airbus A330
F0360,JL9483,Japan Airlines,A059,A073,2025-09-25,16:05,02:27,Airbus A321
F0361,IB9051,Iberia,A070,A047,2025-09-09,23:35,01:17,Airbus A350
F0362,KL5811,KLM,A014,A032,2025-09-14,14:20,15:53,Airbus A321
F0363,EK7115,Emirates,A016,A031,2025-09-15,22:25,09:27,Airbus A330
F0364,EK8820,Emirates,A018,A027,2025-09-20,18:25,20:25,Airbus A380
F0366,LH2178,Lufthansa,A066,A013,2025-09-28,01:20,09:21,Airbus A330
F0367,QR2429,Qatar Airways,A019,A042,2025-09-08,12:35,01:07,Embraer E190
F0368,QF1625,Qantas,A035,A054,2025-09-21,02:50,11:32,Boeing 737 MAX 8
F0369,NH140,ANA,A036,A048,2025-09-17,10:45,20:04,Airbus A321
F0370,UA7139,United Airlines,A059,A046,2025-09-24,12:15,22:22,Airbus A350
F0371,KL2239,KLM,A035,A042,2025-09-16,17:45,00:30,Embraer E190
F0372,DL7629,Delta Air Lines,A063,A044,2025-09-28,03:50,05:37,Airbus A320
F0373,NH2261,ANA,A021,A057,2025-09-04,13:15,14:15,Airbus A380
F0374,AC2811,Air Canada,A036,A012,2025-09-10,02:25,07:41,Airbus A320
F0375,CX1659,Cathay Pacific,A040,A030,2025-09-13,02:55,15:06,Airbus A320
F0376,LH7391,Lufthansa,A062,A010,2025-09-07,07:40,18:47,Airbus A320
F0377,CX1260,Cathay Pacific,A044,A016,2025-09-01,04:35,17:25,Airbus A350
F0378,AA2346,American Airlines,A012,A014,2025-09-13,11:20,17:40,Boeing 737 MAX 8
F0379,UA2788,United Airlines,A018,A019,2025-09-25,18:00,04:03,Boeing 777-300ER
F0380,CX3659,Cathay Pacific,A028,A020,2025-09-12,21:35,09:05,Airbus A321
F0381,AA5859,American Airlines,A013,A018,2025-09-29,23:30,10:33,Boeing 737 MAX 8
F0382,SQ9166,Singapore Airlines,A018,A032,2025-09-11,02:15,14:15,Embraer E190
F0383,AF8582,Air France,A078,A037,2025-09-20,09:15,21:29,Embraer E190
F0384,KL8208,KLM,A025,A051,2025-09-17,01:15,13:16,Boeing 737 MAX 8
F0385,CA6016,Air China,A031,A064,2025-09-04,16:00,18:12,Boeing 737-800
F0386,CX2930,Cathay Pacific,A050,A073,2025-09-05,17:50,01:04,Boeing 777-300ER
F0387,LX3634,Swiss International Air Lines,A010,A003,2025-09-25,00:20,02:29,Airbus A320
F0388,EY8309,Etihad Airways,A008,A051,2025-09-30,20:55,02:48,Boeing 737 MAX 8
F0389,IB4646,Iberia,A052,A011,2025-09-14,19:10,05:20,Airbus A321
F0390,EK6501,Emirates,A011,A066,2025-09-10,17:25,21:04,Embraer E190
F0391,CX1512,Cathay Pacific,A009,A040,2025-09-21,01:15,06:19,Boeing 737 MAX 8
F0392,CA2977,Air China,A059,A079,2025-09-04,09:50,11:46,Airbus A321
F0393,BA8574,British Airways,A018,A002,2025-09-01,11:40,21:08,Airbus A380
F0394,SQ7134,Singapore Airlines,A048,A017,2025-09-06,00:25,03:25,Airbus A380
F0395,LX7557,Swiss International Air Lines,A009,A034,2025-09-17,02:35,14:17,Boeing 787-9
F0396,LX4279,Swiss International Air Lines,A008,A064,2025-09-12,11:10,15:00,Airbus A321
F0397,QR301,Qatar Airways,A074,A015,2025-09-29,00:00,09:41,Airbus A350
F0398,QF9158,Qantas,A061,A047,2025-09-02,05:00,08:33,Boeing 737 MAX 8
F0399,CX9464,Cathay Pacific,A042,A032,2025-09-08,08:05,14:32,Boeing 737-800
F0400,BA6668,British Airways,A065,A007,2025-09-04,16:00,20:48,Airbus A321
F0401,KL7583,KLM,A060,A037,2025-09-29,02:40,09:15,Airbus A320
F0402,LX4074,Swiss International Air Lines,A026,A038,2025-09-12,23:45,05:56,Boeing 777-300ER
F0403,EK204,Emirates,A076,A064,2025-09-12,07:10,17:29,Boeing 737 MAX 8
F0404,AC5588,Air Canada,A030,A070,2025-09-01,22:00,09:51,Boeing 737 MAX 8
F0405,AA6978,American Airlines,A049,A040,2025-09-25,16:15,20:45,Boeing 777-300ER
F0406,UA6867,United Airlines,A019,A036,2025-09-02,07:40,09:24,Boeing 737-800
F0407,AA6561,American Airlines,A011,A075,2025-09-15,04:50,14:27,Airbus A321
F0409,TK3927,Turkish Airlines,A041,A051,2025-09-28,14:20,20:45,Airbus A321
F0410,AA7465,American Airlines,A018,A075,2025-09-07,03:10,06:49,Boeing 777-300ER
F0411,IB5151,Iberia,A053,A016,2025-09-11,06:35,13:41,Boeing 777-300ER
F0412,BA760,British Airways,A016,A012,2025-09-09,09:55,22:37,Airbus A350
F0413,UA8512,United Airlines,A042,A019,2025-09-27,11:30,16:44,Airbus A320
F0414,BA9208,British Airways,A039,A034,2025-09-22,12:35,14:06,Boeing 787-9
F0415,AA1110,American Airlines,A013,A060,2025-09-08,03:00,06:23,Airbus A350
F0416,AC1476,Air Canada,A026,A052,2025-09-05,15:05,21:18,Embraer E190
F0418,DL9502,Delta Air Lines,A043,A016,2025-09-03,01:10,10:02,Boeing 737 MAX 8
F0419,AF2931,Air France,A051,A064,2025-09-27,21:30,05:01,Boeing 737-800
F0420,SQ4126,Singapore Airlines,A024,A036,2025-09-07,04:00,12:36,Airbus A380
F0421,SQ8107,Singapore Airlines,A053,A001,2025-09-10,06:40,19:26,Boeing 787-9
F0422,AA2353,American Airlines,A018,A062,2025-09-13,14:50,20:30,Airbus A380
F0423,IB2967,Iberia,A012,A077,2025-09-02,22:20,05:50,Airbus A380
F0424,TK6483,Turkish Airlines,A072,A033,2025-09-06,03:25,08:24,Airbus A350
F0425,UA1616,United Airlines,A068,A035,2025-09-06,00:25,10:10,Airbus A380
F0426,KL3562,KLM,A021,A073,2025-09-13,21:00,23:12,Boeing 737 MAX 8
F0427,LX8690,Swiss International Air Lines,A002,A050,2025-09-14,04:55,09:42,Embraer E190
F0428,UA8038,United Airlines,A012,A059,2025-09-07,01:15,05:29,Airbus A320
F0429,CX9142,Cathay Pacific,A068,A034,2025-09-07,18:00,02:49,Boeing 777-300ER
F0430,EK9457,Emirates,A030,A061,2025-09-17,03:30,15:22,Airbus A330
F0431,LH619,Lufthansa,A054,A045,2025-09-11,01:05,03:42,Boeing 777-300ER
F0432,QR8494,Qatar Airways,A038,A025,2025-09-12,21:35,04:34,Airbus A380
F0433,LX9872,Swiss International Air Lines,A058,A024,2025-09-11,17:40,23:17,Boeing 787-9
F0434,LX6038,Swiss International Air Lines,A073,A066,2025-09-11,17:15,01:38,Airbus A380
F0435,TK3679,Turkish Airlines,A072,A080,2025-09-16,11:10,23:13,Airbus A320
F0436,LH1427,Lufthansa,A037,A004,2025-09-13,17:20,02:15,Embraer E190
F0437,AC3017,Air Canada,A062,A064,2025-09-19,06:40,09:08,Airbus A380
F0438,JL4509,Japan Airlines,A039,A066,2025-09-21,04:30,12:54,Airbus A380
F0439,AF6793,Air France,A068,A033,2025-09-23,14:40,18:13,Boeing 787-9
F0440,AF4111,Air France,A033,A073,2025-09-29,13:00,20:43,Airbus A321
F0441,AA3444,American Airlines,A053,A035,2025-09-27,14:05,02:35,Airbus A380
F0442,EK3887,Emirates,A007,A067,2025-09-29,10:50,14:20,Airbus A321
F0443,AA3372,American Airlines,A030,A069,2025-09-21,07:20,11:20,Airbus A321
F0444,UA628,United Airlines,A046,A017,2025-09-30,19:20,00:18,Boeing 787-9
F0445,QF4312,Qantas,A016,A021,2025-09-27,11:05,14:23,Airbus A320
F0446,AA7916,American Airlines,A030,A007,2025-09-21,18:05,20:57,Airbus A321
F0447,AF5531,Air France,A022,A059,2025-09-26,03:10,06:52,Boeing 787-9
F0448,UA5495,United Airlines,A007,A001,2025-09-22,18:10,19:57,Boeing 787-9
F0449,LX5284,Swiss International Air Lines,A030,A074,2025-09-27,01:50,09:10,Airbus A320
F0450,BA7870,British Airways,A029,A072,2025-09-18,16:50,01:42,Airbus A380
F0451,JL8816,Japan Airlines,A055,A007,2025-09-20,11:20,20:37,Airbus A380
F0452,EY6199,Etihad Airways,A061,A020,2025-09-26,08:55,11:03,Airbus A350
F0453,EK8509,Emirates,A042,A071,2025-09-26,18:05,19:59,Airbus A330
F0454,NH7569,ANA,A066,A074,2025-09-19,04:40,08:20,Airbus A350
F0455,UA2840,United Airlines,A079,A022,2025-09-24,05:45,09:04,Boeing 787-9
F0456,DL1225,Delta Air Lines,A024,A037,2025-09-27,02:00,11:20,Boeing 737 MAX 8
F0457,BA4711,British Airways,A032,A076,2025-09-24,19:25,06:17,Boeing 787-9
F0458,AF9484,Air France,A029,A023,2025-09-20,05:20,10:02,Boeing 787-9
F0459,EY3332,Etihad Airways,A051,A025,2025-09-20,11:55,18:41,Boeing 787-9
F0460,UA5902,United Airlines,A076,A011,2025-09-19,13:35,22:29,Airbus A330
F0461,EY6459,Etihad Airways,A044,A049,2025-09-24,08:40,17:57,Boeing 787-9
F0462,TK3381,Turkish Airlines,A068,A033,2025-09-19,22:35,10:15,Airbus A350
F0463,CX6541,Cathay Pacific,A058,A057,2025-09-25,18:55,06:17,Airbus A350
F0464,CA195,Air China,A075,A037,2025-09-22,05:55,12:25,Boeing 777-300ER
F0465,AF2559,Air France,A019,A055,2025-09-28,10:35,13:23,Airbus A350
F0466,AF609,Air France,A075,A066,2025-09-22,07:20,10:25,Airbus A321
F0467,BA6774,British Airways,A048,A014,2025-09-20,21:05,23:08,Airbus A380
F0468,SQ8283,Singapore Airlines,A012,A026,2025-09-25,21:35,03:47,Airbus A321
F0469,SQ1793,Singapore Airlines,A007,A053,2025-09-24,14:20,16:05,Boeing 737-800
F0470,AC2904,Air Canada,A030,A040,2025-09-29,22:30,10:50,Boeing 737-800
F0471,DL5257,Delta Air Lines,A025,A070,2025-09-20,21:40,09:49,Airbus A321
F0472,EK1130,Emirates,A049,A060,2025-09-21,04:55,09:09,Airbus A350
F0473,SQ6314,Singapore Airlines,A066,A076,2025-09-22,08:15,19:09,Airbus A350
F0474,KL4898,KLM,A045,A075,2025-09-28,20:50,00:00,Airbus A321
F0475,IB8620,Iberia,A069,A026,2025-09-30,08:15,11:08,Airbus A380
F0476,LX9503,Swiss International Air Lines,A036,A001,2025-09-27,01:05,09:15,Boeing 737 MAX 8
F0477,IB7533,Iberia,A026,A016,2025-09-26,12:20,17:24,Airbus A380
F0478,AA9261,American Airlines,A053,A023,2025-10-01,17:10,04:35,Boeing 777-300ER
F0479,KL2094,KLM,A076,A077,2025-09-21,20:45,22:10,Airbus A320
F0480,CX3501,Cathay Pacific,A014,A043,2025-09-26,07:20,10:11,Airbus A330
F0481,DL2593,Delta Air Lines,A066,A070,2025-09-25,04:15,08:46,Boeing 737-800
F0482,TK1231,Turkish Airlines,A004,A054,2025-10-01,05:00,09:07,Boeing 787-9
F0483,EY6036,Etihad Airways,A073,A022,2025-09-30,02:05,05:07,Boeing 737 MAX 8
F0484,EY2386,Etihad Airways,A056,A054,2025-09-27,01:45,06:34,Boeing 737-800
