passenger_id,first_name,last_name,gender,nationality,email,birth_date,signup_date
P00001,Danielle,Johnson,Female,Saudi Arabia,danielle.johnson491@gmail.com,1959-06-08,2024-12-19
P00002,Donald,Garcia,Male,India,donald.garcia393@hotmail.com,1991-02-05,2025-07-31
P00003,Christopher,Henderson,Female,France,christopher.henderson659@gmail.com,1942-10-05,2025-06-22
P00004,Jesse,Guzman,Male,Spain,jesse.guzman822@hotmail.com,1978-11-24,2024-12-05
P00005,Debra,Gardner,Male,Malaysia,debra.gardner801@hotmail.com,1955-09-22,2024-11-26
P00006,Joshua,Booth,Female,Norway,joshua.booth558@gmail.com,1992-05-01,2024-08-31
P00007,Helen,Peterson,Female,Senegal,helen.peterson515@yahoo.com,1951-04-22,2024-12-26
P00008,Curtis,James,Female,India,curtis.james185@yahoo.com,1965-02-21,2025-03-20
P00009,Cassandra,Roman,Female,South Africa,cassandra.roman225@hotmail.com,1990-05-10,2025-08-18
P00010,David,Nielsen,Female,Belgium,david.nielsen829@yahoo.com,1946-02-03,2025-08-16
P00011,Maria,Montgomery,Female,Vietnam,maria.montgomery599@hotmail.com,1999-05-01,2025-01-02
P00012,James,Jones,Male,China,james.jones254@yahoo.com,1985-09-12,2025-05-04
P00013,Tracie,Wyatt,Male,India,tracie.wyatt547@yahoo.com,1999-08-27,2024-09-29
P00014,Joshua,Reid,Male,United States,joshua.reid971@yahoo.com,1965-07-17,2024-08-19
P00015,Michael,Santiago,Female,Japan,michael.santiago958@hotmail.com,1988-06-16,2025-05-11
P00016,Deborah,Lynch,Male,Hong Kong,deborah.lynch607@hotmail.com,1952-05-15,2025-06-04
P00017,John,Ford,Female,Singapore,john.ford29@hotmail.com,1959-02-02,2025-03-22
P00018,Hailey,Robinson,Female,Senegal,hailey.robinson578@gmail.com,1962-10-14,2024-09-05
P00019,Jeremy,Johnson,Male,Philippines,jeremy.johnson556@yahoo.com,1962-03-08,2025-06-20
P00020,Carl,Gentry,Male,Philippines,carl.gentry39@hotmail.com,1979-04-21,2025-03-26
P00021,Leonard,Rios,Male,Greece,leonard.rios617@hotmail.com,1967-08-21,2025-07-16
P00022,Stephen,Baker,Male,Portugal,stephen.baker490@hotmail.com,1957-07-03,2025-05-11
P00023,Amber,Burgess,Female,South Korea,amber.burgess207@hotmail.com,1969-11-13,2025-08-31
P00024,Reginald,Robinson,Female,Turkey,reginald.robinson182@hotmail.com,2008-07-25,2025-06-26
P00025,Trevor,Campos,Male,Australia,trevor.campos152@gmail.com,1999-04-16,2025-03-19
P00026,Courtney,Conner,Male,Vietnam,courtney.conner114@gmail.com,1969-06-10,2024-11-04
P00027,Paul,Carlson,Female,Brazil,paul.carlson383@yahoo.com,1972-07-23,2024-12-05
P00028,Tasha,Valencia,Female,Singapore,tasha.valencia104@hotmail.com,1941-07-07,2024-09-05
P00029,Danny,Dyer,Female,Israel,danny.dyer140@hotmail.com,1991-10-17,2025-03-12
P00030,Matthew,Carter,Female,Spain,matthew.carter984@gmail.com,1951-06-28,2025-06-12
P00031,Stephanie,Liu,Female,Finland,stephanie.liu725@hotmail.com,1958-08-23,2024-12-25
P00032,Kathleen,Romero,Female,Greece,kathleen.romero682@hotmail.com,1947-12-20,2024-11-17
P00033,Kenneth,Fowler,Male,Malaysia,kenneth.fowler315@gmail.com,1982-02-21,2024-11-03
P00034,Nathaniel,Martin,Female,Czech Republic,nathaniel.martin182@hotmail.com,2005-07-28,2024-08-21
P00035,Samantha,George,Male,Thailand,samantha.george972@gmail.com,1973-12-16,2024-08-23
P00036,Sarah,Koch,Female,Vietnam,sarah.koch989@yahoo.com,1997-04-15,2024-11-11
P00037,John,Allen,Male,Finland,john.allen617@gmail.com,1979-04-25,2024-11-14
P00038,Christopher,Tucker,Male,Spain,christopher.tucker580@hotmail.com,1945-06-10,2025-03-22
P00039,Katie,Anderson,Female,Denmark,katie.anderson340@hotmail.com,1973-01-19,2025-07-09
P00040,Frederick,Rose,Male,Hong Kong,frederick.rose356@gmail.com,1981-12-24,2024-08-15
P00041,Sarah,Campos,Male,Spain,sarah.campos907@hotmail.com,1987-08-24,2025-03-21
P00042,Larry,Carney,Female,New Zealand,larry.carney12@yahoo.com,1984-12-04,2025-07-17
P00043,Rachel,Hayes,Male,Hong Kong,rachel.hayes710@gmail.com,1957-08-04,2025-04-18
P00044,Matthew,Chapman,Female,Hungary,matthew.chapman806@gmail.com,1956-05-19,2025-07-28
P00045,Adrian,Zimmerman,Male,Belgium,adrian.zimmerman396@gmail.com,1944-09-26,2025-07-07
P00046,Rebecca,Heath,Female,Egypt,rebecca.heath906@gmail.com,1945-07-20,2025-01-19
P00047,Joshua,Washington,Female,Malaysia,joshua.washington360@hotmail.com,1977-05-26,2025-02-01
P00048,Selena,Duncan,Female,China,selena.duncan849@yahoo.com,1972-11-15,2024-11-25
P00049,Lindsey,Lee,Male,Egypt,lindsey.lee463@yahoo.com,1947-04-29,2024-12-29
P00050,Michael,Jenkins,Male,Indonesia,michael.jenkins21@gmail.com,1999-06-23,2025-07-25
P00051,Emily,Joyce,Female,China,emily.joyce76@yahoo.com,1947-06-05,2025-03-21
P00052,Jessica,Mcbride,Male,Malaysia,jessica.mcbride165@gmail.com,1948-02-29,2025-03-09
P00054,Steven,Baxter,Female,South Africa,steven.baxter629@hotmail.com,1945-11-10,2025-07-15
P00055,Corey,Pearson,Male,Netherlands,corey.pearson966@gmail.com,1977-06-29,2024-12-27
P00056,Tanya,House,Male,South Africa,tanya.house912@gmail.com,1998-06-12,2024-10-01
P00057,Richard,Olson,Male,Belgium,richard.olson104@gmail.com,1999-07-13,2025-01-21
P00058,Franklin,Smith,Male,France,franklin.smith420@yahoo.com,1967-04-13,2025-03-15
P00059,Justin,Horton,Female,Switzerland,justin.horton289@hotmail.com,1990-05-29,2024-09-09
P00060,Dorothy,Tucker,Male,China,dorothy.tucker51@gmail.com,1953-08-24,2025-04-01
P00061,Tanya,Riley,Female,Denmark,tanya.riley56@hotmail.com,1977-08-08,2025-02-11
P00062,Lee,Williams,Male,Netherlands,lee.williams90@hotmail.com,1973-02-25,2025-02-28
P00063,Eric,Yu,Female,France,eric.yu100@gmail.com,1946-03-07,2025-04-03
P00064,Casey,Jones,Male,Egypt,casey.jones654@yahoo.com,1999-05-04,2025-08-18
P00065,David,Zamora,Male,Norway,david.zamora865@hotmail.com,1957-06-23,2025-04-04
P00066,Bernard,Miller,Female,Mexico,bernard.miller483@hotmail.com,1985-06-08,2025-07-03
P00067,Alexandra,Donovan,Female,Canada,alexandra.donovan658@hotmail.com,1954-08-16,2024-12-24
P00068,Leon,Baker,Female,Finland,leon.baker380@hotmail.com,1949-08-19,2024-11-26
P00069,Kevin,Stewart,Female,Finland,kevin.stewart457@gmail.com,1991-11-11,2025-02-17
P00070,Albert,Howell,Female,New Zealand,albert.howell477@gmail.com,1979-01-07,2025-08-09
P00071,Charles,Lewis,Male,India,charles.lewis578@yahoo.com,1958-10-07,2025-04-19
P00072,Nicole,Suarez,Male,United States,nicole.suarez714@gmail.com,1965-11-10,2025-07-31
P00073,Samuel,Daniels,Male,Canada,samuel.daniels685@hotmail.com,1961-04-21,2024-09-24
P00074,Allison,Contreras,Female,United States,allison.contreras604@hotmail.com,1978-06-12,2025-03-08
P00075,Dale,Humphrey,Male,Malaysia,dale.humphrey839@gmail.com,1958-09-19,2025-05-07
P00076,Julia,Moore,Female,Qatar,julia.moore704@gmail.com,1959-11-22,2024-12-07
P00077,Jennifer,Harris,Male,Norway,jennifer.harris307@yahoo.com,1983-11-11,2024-12-31
P00078,William,King,Female,Turkey,william.king36@gmail.com,2002-06-27,2025-07-22
P00079,Christopher,Henderson,Male,Colombia,christopher.henderson973@gmail.com,1959-07-19,2024-12-17
P00080,Matthew,Anderson,Female,Finland,matthew.anderson972@gmail.com,2007-05-12,2024-08-09
P00081,Joyce,Arnold,Male,France,joyce.arnold130@gmail.com,1969-10-25,2025-06-07
P00082,Daniel,Landry,Female,Canada,daniel.landry700@gmail.com,1987-09-21,2025-08-10
P00083,Amy,Davenport,Male,Spain,amy.davenport152@gmail.com,1980-05-05,2025-01-21
P00084,Russell,Williams,Female,Israel,russell.williams933@gmail.com,1965-07-12,2024-10-31
P00085,Rachel,Clark,Male,Canada,rachel.clark398@gmail.com,1957-09-13,2024-08-24
P00086,Michael,Castro,Female,Saudi Arabia,michael.castro334@hotmail.com,2000-03-19,2024-11-20
P00087,Kara,Frost,Female,Argentina,kara.frost806@gmail.com,1956-10-30,2025-04-12
P00088,Theresa,Cochran,Female,Colombia,theresa.cochran425@gmail.com,2000-09-01,2024-09-07
P00089,Harry,Middleton,Male,Senegal,harry.middleton603@yahoo.com,1993-12-08,2025-06-16
P00090,Leah,Shields,Male,China,leah.shields577@yahoo.com,1995-11-12,2024-11-06
P00091,Erik,Haynes,Male,Indonesia,erik.haynes889@gmail.com,1966-09-30,2024-07-28
P00092,Michele,Walker,Female,Morocco,michele.walker271@yahoo.com,1996-04-05,2024-11-30
P00093,Michael,Hoover,Female,Senegal,michael.hoover624@gmail.com,1999-12-26,2025-02-16
P00094,Andrew,Lee,Male,Finland,andrew.lee283@gmail.com,1963-01-21,2025-01-01
P00095,Tammy,Ramirez,Male,South Korea,tammy.ramirez624@yahoo.com,1984-05-09,2025-02-06
P00096,Erin,Anthony,Female,Austria,erin.anthony406@gmail.com,1963-04-02,2024-09-17
P00097,Darrell,Waller,Male,Belgium,darrell.waller764@yahoo.com,1952-11-16,2025-03-15
P00098,Benjamin,Carlson,Female,Kenya,benjamin.carlson21@yahoo.com,1964-03-28,2024-12-31
P00099,Samuel,Joyce,Female,Ireland,samuel.joyce288@hotmail.com,1948-08-06,2025-03-12
P00100,James,Williams,Male,Greece,james.williams138@hotmail.com,1970-05-21,2024-12-23
P00101,Sara,Ryan,Female,Vietnam,sara.ryan846@hotmail.com,1989-08-27,2025-03-31
P00102,Jillian,Gonzalez,Female,United Arab Emirates,jillian.gonzalez427@hotmail.com,1970-01-23,2025-03-20
P00103,Samantha,Hanson,Male,France,samantha.hanson453@gmail.com,1985-11-04,2024-10-26
P00104,Jennifer,Evans,Female,United Kingdom,jennifer.evans497@yahoo.com,1961-10-06,2025-05-15
P00105,Mark,Terry,Female,Belgium,mark.terry528@gmail.com,1978-06-07,2024-08-08
P00106,Robert,Bentley,Male,Ireland,robert.bentley727@gmail.com,1986-10-16,2025-06-11
P00107,Christina,Turner,Female,Czech Republic,christina.turner800@gmail.com,1977-12-29,2024-12-15
P00108,Kevin,Clark,Male,Finland,kevin.clark198@hotmail.com,1994-03-01,2024-12-06
P00109,Diana,Marshall,Male,Hong Kong,diana.marshall34@gmail.com,1970-10-19,2025-05-21
P00110,William,Leon,Male,Kenya,william.leon722@hotmail.com,2006-01-01,2025-01-10
P00111,Gene,Miller,Female,Kenya,gene.miller844@hotmail.com,1975-10-14,2025-05-22
P00112,Christine,Davis,Female,Spain,christine.davis946@gmail.com,2005-06-20,2025-01-06
P00113,Emily,Walker,Male,Hong Kong,emily.walker382@gmail.com,1954-04-10,2025-06-29
P00114,Brandon,Riggs,Female,Finland,brandon.riggs984@gmail.com,1982-04-20,2024-12-24
P00115,Stanley,Mercado,Female,Japan,stanley.mercado168@hotmail.com,1979-11-17,2025-01-01
P00116,Heather,Snyder,Male,Indonesia,heather.snyder29@hotmail.com,1957-04-28,2025-04-21
P00117,Grace,Stafford,Male,Egypt,grace.stafford875@gmail.com,1999-03-30,2025-02-15
P00118,Kimberly,Robinson,Male,Greece,kimberly.robinson663@hotmail.com,1995-05-31,2024-11-12
P00119,April,Williams,Male,India,april.williams668@gmail.com,1957-09-05,2025-05-08
P00120,Stephen,Solis,Male,Vietnam,stephen.solis991@hotmail.com,1986-02-16,2025-02-03
P00121,Caitlin,Dodson,Male,Norway,caitlin.dodson934@hotmail.com,2001-05-08,2024-08-04
P00122,Lisa,Mcclain,Male,South Africa,lisa.mcclain821@hotmail.com,1969-10-01,2025-06-25
P00123,Sean,Moore,Male,Hungary,sean.moore623@yahoo.com,1999-04-25,2025-08-27
P00124,Jonathon,Wright,Female,Netherlands,jonathon.wright917@hotmail.com,1984-02-04,2025-03-28
P00125,Todd,Allen,Female,Nigeria,todd.allen259@hotmail.com,1970-08-24,2025-02-20
P00126,Justin,Nelson,Female,Ireland,justin.nelson694@hotmail.com,1962-06-22,2025-05-12
P00127,Christopher,Hernandez,Female,Singapore,christopher.hernandez105@gmail.com,1966-10-12,2024-12-08
P00128,Jasmine,Brown,Female,Saudi Arabia,jasmine.brown663@hotmail.com,1968-06-13,2025-08-28
P00129,Steven,Brown,Female,Ireland,steven.brown701@yahoo.com,1997-05-15,2024-10-31
P00130,Rebecca,Silva,Female,Brazil,rebecca.silva345@hotmail.com,1988-01-11,2025-07-07
P00131,Omar,Smith,Female,India,omar.smith268@yahoo.com,1964-08-26,2025-04-12
P00132,Melissa,Ashley,Female,France,melissa.ashley154@hotmail.com,1969-03-24,2024-09-30
P00133,Jessica,Marsh,Male,Belgium,jessica.marsh825@yahoo.com,2001-10-13,2024-12-10
P00134,Jeffrey,Graham,Female,Switzerland,jeffrey.graham328@yahoo.com,1942-09-15,2024-10-28
P00135,Elizabeth,Yates,Male,United Arab Emirates,elizabeth.yates27@yahoo.com,1989-12-23,2024-09-17
P00136,Samantha,Hooper,Female,Indonesia,samantha.hooper266@yahoo.com,1977-01-20,2024-09-30
P00137,Brittany,Alvarado,Female,Malaysia,brittany.alvarado755@yahoo.com,1946-06-11,2025-01-29
P00138,Derek,Murray,Male,Italy,derek.murray744@yahoo.com,1944-02-25,2025-08-13
P00139,Mark,Gibson,Male,Taiwan,mark.gibson548@yahoo.com,1963-09-07,2024-08-31
P00140,Joshua,Bean,Female,Switzerland,joshua.bean368@gmail.com,1969-05-26,2024-10-09
P00141,Thomas,Curry,Female,Egypt,thomas.curry861@yahoo.com,1944-04-10,2024-12-15
P00142,Jeffrey,Jones,Male,Indonesia,jeffrey.jones100@gmail.com,2005-10-30,2024-09-29
P00143,Karen,Herring,Male,United Kingdom,karen.herring265@gmail.com,1954-04-16,2025-01-02
P00144,Christine,Allen,Male,Taiwan,christine.allen922@gmail.com,1972-12-07,2024-08-25
P00145,Anne,Robinson,Male,Greece,anne.robinson364@yahoo.com,1988-04-18,2025-03-13
P00146,Gary,Lawson,Female,Morocco,gary.lawson808@gmail.com,1991-08-05,2025-05-09
P00147,Kimberly,Martin,Female,Hungary,kimberly.martin600@hotmail.com,1961-11-19,2025-03-15
P00148,Anthony,Collins,Female,Colombia,anthony.collins482@yahoo.com,1986-10-17,2025-04-03
P00149,Randy,Espinoza,Male,Norway,randy.espinoza911@hotmail.com,1945-11-25,2025-08-04
P00150,Maria,Sanchez,Male,Taiwan,maria.sanchez391@yahoo.com,1988-02-22,2025-05-24
P00151,Melissa,Burke,Female,Morocco,melissa.burke56@hotmail.com,1948-12-18,2024-12-03
P00152,Kimberly,Reed,Male,France,kimberly.reed351@yahoo.com,1969-11-11,2025-06-15
P00153,Casey,Holland,Female,Denmark,casey.holland324@yahoo.com,1941-08-05,2025-02-03
P00154,Lynn,Garcia,Male,Vietnam,lynn.garcia83@hotmail.com,2006-01-25,2024-08-30
P00155,Patricia,Stevens,Female,Spain,patricia.stevens182@gmail.com,1951-02-19,2024-12-25
P00156,Jessica,Sheppard,Male,Argentina,jessica.sheppard463@hotmail.com,1959-02-06,2025-03-24
P00157,Kim,Marshall,Male,United States,kim.marshall793@hotmail.com,1996-11-18,2025-04-13
P00158,Joseph,Christian,Male,Philippines,joseph.christian805@gmail.com,1997-03-22,2025-06-06
P00159,Joshua,Hayes,Male,Czech Republic,joshua.hayes630@hotmail.com,1991-10-07,2024-08-06
P00160,Cheryl,Gray,Female,Mexico,cheryl.gray440@yahoo.com,1942-09-07,2025-01-21
P00161,Hunter,Lewis,Female,Argentina,hunter.lewis39@yahoo.com,1994-12-26,2024-12-30
P00162,Joshua,Carlson,Male,United Arab Emirates,joshua.carlson383@hotmail.com,2000-07-31,2024-12-01
P00163,Alejandro,Vaughan,Female,United States,alejandro.vaughan854@hotmail.com,1946-07-22,2025-08-24
P00164,Richard,Peters,Male,Australia,richard.peters693@yahoo.com,1957-01-27,2024-12-03
P00165,Debbie,Henry,Male,Greece,debbie.henry711@gmail.com,1994-08-27,2025-08-29
P00166,Kelly,Sullivan,Female,Czech Republic,kelly.sullivan106@hotmail.com,1957-04-11,2025-03-08
P00167,Bonnie,Kennedy,Female,Egypt,bonnie.kennedy67@yahoo.com,1976-11-01,2025-02-16
P00168,Wendy,Pierce,Female,Indonesia,wendy.pierce467@yahoo.com,1964-08-27,2025-08-08
P00169,Joseph,King,Female,Netherlands,joseph.king910@gmail.com,1948-12-08,2024-08-24
P00170,Leslie,Newton,Male,Italy,leslie.newton924@hotmail.com,2005-05-23,2024-09-14
P00171,Jacob,Robinson,Female,United States,jacob.robinson193@hotmail.com,1973-08-29,2024-12-24
P00172,Brittany,Wolf,Female,Australia,brittany.wolf234@gmail.com,1981-04-25,2025-06-08
P00173,Marissa,Phillips,Male,Germany,marissa.phillips752@yahoo.com,1965-04-10,2025-05-09
P00174,Alexis,Ferguson,Male,Colombia,alexis.ferguson376@gmail.com,1959-05-22,2025-08-20
P00175,Angela,Terry,Male,Malaysia,angela.terry898@yahoo.com,1949-04-27,2024-09-01
P00176,Curtis,Smith,Female,Vietnam,curtis.smith548@yahoo.com,1960-01-26,2024-10-08
P00177,Scott,Lopez,Male,South Africa,scott.lopez50@yahoo.com,1944-03-24,2024-10-16
P00178,Danny,Jones,Male,Sweden,danny.jones857@hotmail.com,1974-03-04,2024-09-27
P00179,Crystal,Brown,Male,Thailand,crystal.brown119@hotmail.com,1950-11-17,2025-08-21
P00180,Stacy,Miller,Female,Malaysia,stacy.miller127@hotmail.com,1957-08-11,2025-01-30
P00181,Kathy,Obrien,Female,Norway,kathy.obrien719@gmail.com,1994-07-03,2024-11-24
P00182,Kimberly,James,Male,Thailand,kimberly.james703@yahoo.com,2002-07-06,2025-06-14
P00183,Michelle,Branch,Male,Ireland,michelle.branch431@hotmail.com,1961-07-01,2024-10-13
P00184,Brian,Choi,Male,Switzerland,brian.choi533@gmail.com,1947-06-25,2024-09-27
P00185,Colleen,Baker,Male,Morocco,colleen.baker851@gmail.com,1946-04-03,2025-04-15
P00186,Glenn,Jones,Male,Indonesia,glenn.jones117@yahoo.com,1940-11-30,2025-07-09
P00187,Hannah,Harrison,Female,France,hannah.harrison624@yahoo.com,1942-12-14,2025-07-08
P00188,Jasmine,Warner,Female,Portugal,jasmine.warner997@hotmail.com,1971-08-10,2025-05-21
P00189,Jesus,Baker,Female,Turkey,jesus.baker420@hotmail.com,1994-07-16,2025-05-20
P00190,Donna,Peck,Male,Austria,donna.peck562@hotmail.com,1969-08-23,2025-04-02
P00191,Jeffrey,Hernandez,Male,Thailand,jeffrey.hernandez956@gmail.com,1958-10-18,2024-12-20
P00192,Charles,Martin,Female,Hong Kong,charles.martin3@hotmail.com,1961-08-26,2024-12-28
P00193,Madison,Morse,Male,Colombia,madison.morse856@yahoo.com,1970-08-06,2025-08-25
P00194,Haley,Lyons,Female,Denmark,haley.lyons973@hotmail.com,2004-11-01,2024-11-11
P00195,Amber,Kim,Male,United Arab Emirates,amber.kim741@yahoo.com,1981-05-26,2025-07-16
P00196,Jessica,Munoz,Female,Sweden,jessica.munoz237@gmail.com,1942-06-29,2025-07-11
P00197,Suzanne,Huff,Female,Hungary,suzanne.huff476@gmail.com,1979-11-06,2025-01-10
P00198,Yvonne,Chambers,Male,Finland,yvonne.chambers896@gmail.com,1959-01-22,2025-08-06
P00199,Kathryn,Thompson,Female,Kenya,kathryn.thompson821@yahoo.com,1976-01-09,2025-08-11
P00200,Sabrina,White,Female,Netherlands,sabrina.white757@hotmail.com,1980-07-14,2024-09-19
P00201,Lisa,Costa,Male,United States,lisa.costa912@yahoo.com,1972-09-10,2025-07-03
P00202,Mathew,Santiago,Male,Czech Republic,mathew.santiago680@yahoo.com,1999-01-22,2025-08-08
P00203,Robert,Simpson,Male,Italy,robert.simpson367@yahoo.com,1985-10-15,2024-10-04
P00204,Lisa,Pierce,Female,United Arab Emirates,lisa.pierce96@yahoo.com,1971-08-30,2025-01-19
P00205,Johnny,Wilson,Female,Finland,johnny.wilson117@hotmail.com,1993-04-07,2025-02-22
P00206,Mallory,Smith,Female,Nigeria,mallory.smith279@yahoo.com,1999-11-07,2025-02-07
P00207,Robert,Lopez,Female,Morocco,robert.lopez665@yahoo.com,1965-05-02,2025-02-15
P00208,Colleen,Wolf,Male,Czech Republic,colleen.wolf713@hotmail.com,1954-07-29,2025-06-07
P00209,David,Roberts,Male,Egypt,david.roberts107@yahoo.com,2000-08-18,2024-08-25
P00210,David,Dudley,Female,Senegal,david.dudley695@gmail.com,1982-02-19,2025-01-30
P00211,Jennifer,Collins,Male,South Korea,jennifer.collins389@yahoo.com,1941-08-30,2025-01-19
P00212,Christopher,Gay,Female,South Korea,christopher.gay30@yahoo.com,2002-10-24,2024-07-29
P00213,Stacey,Holland,Male,Norway,stacey.holland943@hotmail.com,1951-03-16,2024-09-15
P00214,Kelly,Thornton,Male,Morocco,kelly.thornton452@yahoo.com,1968-12-26,2024-12-25
P00215,Tina,Sanchez,Male,Hungary,tina.sanchez671@yahoo.com,1978-03-21,2025-08-08
P00216,James,Greene,Male,Turkey,james.greene890@gmail.com,1991-06-25,2025-03-24
P00217,Michelle,Hill,Male,Switzerland,michelle.hill895@yahoo.com,1994-06-15,2024-09-18
P00218,Matthew,French,Male,Netherlands,matthew.french678@gmail.com,1958-11-25,2025-03-11
P00219,Justin,Evans,Male,Norway,justin.evans355@hotmail.com,1980-08-23,2024-08-24
P00220,Tracy,Hernandez,Female,Denmark,tracy.hernandez860@yahoo.com,1977-05-10,2024-09-26
P00221,Martin,Hines,Male,Argentina,martin.hines659@yahoo.com,1966-05-20,2024-11-19
P00222,Molly,Pollard,Female,Philippines,molly.pollard891@yahoo.com,1956-12-21,2025-06-12
P00223,Jesus,Rowe,Male,United States,jesus.rowe504@hotmail.com,1943-09-14,2025-06-08
P00224,Thomas,Mcintyre,Male,Italy,thomas.mcintyre994@hotmail.com,1966-08-28,2025-03-20
P00225,Laura,Pearson,Male,Poland,laura.pearson229@gmail.com,1951-01-28,2025-04-11
P00226,David,Sanford,Female,Mexico,david.sanford837@gmail.com,1963-04-23,2024-11-23
P00227,Morgan,Alexander,Male,Nigeria,morgan.alexander455@yahoo.com,1976-07-01,2025-05-03
P00228,Alexis,Thomas,Female,Canada,alexis.thomas878@gmail.com,1999-12-16,2024-11-11
P00229,Charles,Harrington,Female,Israel,charles.harrington122@hotmail.com,1958-10-03,2024-12-19
P00230,Heather,Santos,Male,China,heather.santos414@hotmail.com,1998-08-27,2024-12-20
P00231,Michele,James,Male,Saudi Arabia,michele.james563@hotmail.com,1962-04-07,2025-02-01
P00232,Paige,Freeman,Male,South Africa,paige.freeman987@hotmail.com,1977-07-10,2025-08-31
P00233,Casey,Welch,Female,Poland,casey.welch576@gmail.com,2003-05-11,2024-10-19
P00234,Julie,Hamilton,Female,Italy,julie.hamilton373@hotmail.com,1947-06-06,2025-05-18
P00235,Jane,Garcia,Male,Nigeria,jane.garcia340@yahoo.com,1952-01-18,2025-08-04
P00236,Rebecca,Williams,Female,Turkey,rebecca.williams911@hotmail.com,1994-11-14,2024-11-18
P00237,Michael,Jordan,Female,Colombia,michael.jordan100@yahoo.com,1957-05-04,2025-02-26
P00238,Ashlee,Sparks,Male,Argentina,ashlee.sparks350@gmail.com,1952-04-16,2024-08-08
P00239,Chelsea,Reyes,Female,Saudi Arabia,chelsea.reyes535@yahoo.com,1987-03-10,2025-03-03
P00240,Roberta,Thomas,Male,Austria,roberta.thomas919@yahoo.com,1972-02-03,2025-02-21
P00241,Steve,Estrada,Female,Czech Republic,steve.estrada842@yahoo.com,2001-11-10,2025-06-08
P00242,Rachel,Byrd,Female,China,rachel.byrd261@yahoo.com,1951-06-23,2024-08-29
P00243,Sierra,Huerta,Male,France,sierra.huerta124@yahoo.com,1961-01-28,2024-10-23
P00244,Hannah,Bryant,Male,Nigeria,hannah.bryant845@yahoo.com,1961-04-11,2025-02-11
P00245,Melissa,Rodriguez,Female,China,melissa.rodriguez776@yahoo.com,1966-08-31,2025-05-26
P00246,Bailey,Haney,Male,Spain,bailey.haney858@hotmail.com,1960-10-22,2025-01-31
P00247,Randy,Smith,Male,Vietnam,randy.smith914@hotmail.com,1999-07-23,2024-09-21
P00248,Teresa,Lozano,Female,Switzerland,teresa.lozano604@yahoo.com,1991-05-28,2025-01-13
P00249,Kimberly,Hall,Male,Philippines,kimberly.hall5@gmail.com,1995-04-07,2024-12-16
P00250,Dana,Oliver,Male,Saudi Arabia,dana.oliver958@hotmail.com,1986-10-27,2024-12-03
P00251,Katrina,Becker,Female,Poland,katrina.becker800@gmail.com,1950-01-13,2025-01-22
P00252,Rebecca,Lucas,Male,United Arab Emirates,rebecca.lucas835@yahoo.com,1961-09-27,2025-06-02
P00253,Arthur,Diaz,Male,Malaysia,arthur.diaz674@yahoo.com,1949-09-01,2025-06-27
P00254,Mark,Perry,Female,Poland,mark.perry903@hotmail.com,1954-05-22,2024-10-28
P00255,Nancy,Diaz,Female,South Africa,nancy.diaz938@yahoo.com,1974-11-09,2025-02-16
P00256,Maria,Scott,Male,India,maria.scott408@yahoo.com,1996-10-23,2024-09-11
P00257,Tammy,Phillips,Female,New Zealand,tammy.phillips825@gmail.com,1999-12-03,2025-03-09
P00258,Taylor,Jones,Male,Morocco,taylor.jones617@gmail.com,1992-01-06,2025-06-24
P00259,Michelle,Ramsey,Female,Thailand,michelle.ramsey561@hotmail.com,2007-05-15,2024-09-07
P00260,Michael,Gibbs,Male,France,michael.gibbs215@hotmail.com,1941-09-05,2025-03-24
P00261,David,Richardson,Female,Taiwan,david.richardson354@yahoo.com,1991-09-01,2024-10-16
P00262,Brenda,Carson,Male,Turkey,brenda.carson666@gmail.com,2004-09-03,2024-09-21
P00263,Emily,Ruiz,Female,Turkey,emily.ruiz119@hotmail.com,1982-11-11,2025-06-01
P00264,Mark,Bishop,Female,Saudi Arabia,mark.bishop492@hotmail.com,1984-10-09,2024-08-07
P00265,Madison,Blankenship,Female,Taiwan,madison.blankenship766@yahoo.com,1961-04-13,2024-11-06
P00266,Darryl,Williams,Female,Netherlands,darryl.williams828@yahoo.com,1943-04-07,2024-12-01
P00267,Darren,Young,Male,Australia,darren.young391@yahoo.com,1977-04-15,2025-08-25
P00268,Shawn,Santiago,Male,Switzerland,shawn.santiago58@hotmail.com,1991-04-08,2025-06-18
P00269,Robert,Newton,Female,United States,robert.newton805@yahoo.com,1951-03-29,2025-05-21
P00270,Diana,Bass,Female,Taiwan,diana.bass257@yahoo.com,1982-08-06,2025-06-10
P00271,Antonio,Wood,Male,Thailand,antonio.wood804@gmail.com,1970-11-19,2025-06-18
P00272,Melissa,Garcia,Male,United States,melissa.garcia555@hotmail.com,1987-05-12,2025-04-02
P00273,Rachel,Newman,Female,New Zealand,rachel.newman105@yahoo.com,1944-11-06,2025-08-15
P00274,James,Martinez,Male,United Kingdom,james.martinez663@yahoo.com,1998-05-26,2024-10-20
P00275,Christopher,Lewis,Female,Hong Kong,christopher.lewis524@gmail.com,1984-03-21,2024-11-17
P00276,Brent,Cook,Female,Thailand,brent.cook681@hotmail.com,2007-12-22,2024-09-09
P00277,Jamie,Gallegos,Female,Malaysia,jamie.gallegos427@hotmail.com,1978-06-02,2025-08-07
P00278,Jason,Kane,Female,Saudi Arabia,jason.kane56@gmail.com,1963-01-28,2024-09-15
P00279,Kristina,Carlson,Female,France,kristina.carlson636@gmail.com,1959-08-03,2025-08-25
P00280,Vanessa,Fernandez,Female,Greece,vanessa.fernandez934@gmail.com,1995-01-12,2024-07-28
P00281,Donna,Johnson,Female,United States,donna.johnson603@gmail.com,1941-09-29,2024-10-11
P00282,Brianna,Smith,Male,Vietnam,brianna.smith743@gmail.com,1958-10-11,2024-11-25
P00283,Judy,Fox,Female,New Zealand,judy.fox182@yahoo.com,1991-06-10,2025-05-24
P00284,Shane,Cox,Male,Finland,shane.cox986@yahoo.com,1981-02-06,2024-09-16
P00285,William,Dougherty,Male,Malaysia,william.dougherty42@hotmail.com,1943-09-07,2025-06-04
P00286,Adrienne,Ellis,Female,Saudi Arabia,adrienne.ellis271@gmail.com,2006-04-15,2025-01-24
P00287,Yolanda,Boone,Male,Singapore,yolanda.boone867@gmail.com,1969-09-20,2025-06-26
P00288,Tracy,Browning,Male,Italy,tracy.browning478@gmail.com,1945-09-24,2025-04-23
P00289,Marc,Hernandez,Male,Austria,marc.hernandez158@hotmail.com,1949-04-25,2024-09-02
P00290,Cynthia,Kelley,Male,Vietnam,cynthia.kelley955@hotmail.com,1962-11-05,2025-03-19
P00291,Alyssa,Chavez,Female,Philippines,alyssa.chavez809@gmail.com,1981-11-25,2024-10-15
P00292,Laura,Wilson,Female,Brazil,laura.wilson803@hotmail.com,1985-04-03,2024-11-11
P00293,Jennifer,Lewis,Female,Portugal,jennifer.lewis226@gmail.com,1971-06-10,2024-09-03
P00294,Robert,Wilcox,Male,Poland,robert.wilcox164@hotmail.com,1967-11-06,2025-05-29
P00295,Cody,Simmons,Female,Canada,cody.simmons358@yahoo.com,1985-12-17,2025-01-31
P00296,Stephanie,Mcdaniel,Male,Switzerland,stephanie.mcdaniel340@gmail.com,1972-12-25,2025-05-10
P00297,Marie,Davis,Female,Indonesia,marie.davis224@hotmail.com,1947-04-20,2025-03-15
P00298,Nathan,Anderson,Female,Saudi Arabia,nathan.anderson844@hotmail.com,1944-10-23,2024-08-11
P00299,Anna,Santiago,Male,Colombia,anna.santiago685@hotmail.com,1968-09-01,2024-08-11
P00300,Shelley,Henderson,Female,Hong Kong,shelley.henderson927@gmail.com,2003-01-04,2025-03-07
P00301,Tanya,Burke,Male,Austria,tanya.burke699@hotmail.com,1964-08-23,2024-10-07
P00302,William,Moore,Female,Colombia,william.moore396@gmail.com,1973-07-10,2025-03-20
P00303,Michael,Hawkins,Female,Australia,michael.hawkins934@yahoo.com,1948-07-18,2025-04-22
P00304,Audrey,Aguirre,Female,Poland,audrey.aguirre823@hotmail.com,1998-03-16,2024-12-10
P00305,Christina,Day,Female,Philippines,christina.day45@hotmail.com,1942-07-09,2024-12-14
P00306,Maria,Adams,Male,Israel,maria.adams527@hotmail.com,1952-12-31,2025-04-02
P00307,Kathryn,Dorsey,Male,Egypt,kathryn.dorsey995@gmail.com,1964-08-08,2025-07-20
P00308,Molly,Knight,Male,Spain,molly.knight68@gmail.com,1967-12-27,2024-08-01
P00309,Joyce,Bonilla,Male,Taiwan,joyce.bonilla435@hotmail.com,1946-12-21,2025-05-16
P00310,Jason,Barnes,Male,Qatar,jason.barnes849@yahoo.com,1963-11-30,2025-07-09
P00311,Larry,Nguyen,Female,Sweden,larry.nguyen837@hotmail.com,2004-09-30,2024-09-06
P00312,Christopher,Williams,Male,Australia,christopher.williams471@hotmail.com,1951-06-09,2025-07-26
P00313,Brandon,Miller,Female,Austria,brandon.miller90@yahoo.com,1970-11-12,2024-08-29
P00314,Todd,Ramos,Male,Finland,todd.ramos814@hotmail.com,1959-04-23,2025-07-25
P00315,Daniel,Jordan,Male,Senegal,daniel.jordan842@hotmail.com,1959-12-29,2025-04-25
P00316,Brittany,Rose,Female,Morocco,brittany.rose398@gmail.com,1961-09-15,2025-05-07
P00317,Randall,Greene,Female,Netherlands,randall.greene324@yahoo.com,1941-04-03,2025-01-13
P00318,Sierra,Saunders,Female,Taiwan,sierra.saunders122@yahoo.com,1992-09-11,2025-08-23
P00319,Mark,Smith,Male,Sweden,mark.smith738@gmail.com,1991-07-13,2024-12-01
P00320,David,Patel,Male,United States,david.patel764@hotmail.com,1956-05-19,2024-10-19
P00321,Martha,Drake,Male,Thailand,martha.drake869@hotmail.com,1945-08-20,2024-11-05
P00322,Bobby,Smith,Female,Poland,bobby.smith109@yahoo.com,2003-05-16,2025-07-25
P00323,Barbara,Berry,Female,South Africa,barbara.berry89@yahoo.com,1988-12-23,2025-04-05
P00324,Keith,Sullivan,Female,Malaysia,keith.sullivan405@gmail.com,2006-06-08,2025-04-09
P00325,Laurie,Montgomery,Male,Norway,laurie.montgomery161@yahoo.com,1997-04-24,2024-09-27
P00326,Christopher,Richard,Male,Czech Republic,christopher.richard765@hotmail.com,1957-04-12,2024-12-01
P00327,Richard,Miller,Female,Spain,richard.miller148@hotmail.com,1999-12-06,2025-02-12
P00328,Matthew,Cook,Female,Argentina,matthew.cook567@hotmail.com,1952-03-01,2025-04-01
P00329,Cynthia,Schmidt,Male,Colombia,cynthia.schmidt43@yahoo.com,1953-12-01,2024-11-20
P00330,Michael,Mullen,Female,Qatar,michael.mullen561@gmail.com,1984-08-15,2025-08-29
P00331,Joel,Thomas,Female,Germany,joel.thomas767@hotmail.com,1954-02-23,2025-07-19
P00332,Eric,Malone,Female,Germany,eric.malone423@hotmail.com,1945-11-09,2024-08-17
P00333,Troy,Webster,Male,Egypt,troy.webster189@yahoo.com,1992-05-28,2024-10-05
P00334,Erin,Macias,Female,France,erin.macias118@hotmail.com,1984-06-15,2025-05-10
P00335,Marcus,Maddox,Male,United States,marcus.maddox955@yahoo.com,1962-03-25,2025-05-31
P00336,Carlos,Ramos,Female,Sweden,carlos.ramos563@yahoo.com,1961-04-29,2024-11-23
P00337,Brittany,Bell,Female,Switzerland,brittany.bell69@yahoo.com,1945-10-11,2025-07-25
P00338,Shannon,Brown,Male,France,shannon.brown744@gmail.com,1997-04-15,2025-04-25
P00339,Deanna,Madden,Female,Italy,deanna.madden366@hotmail.com,1946-11-15,2024-11-07
P00340,William,Ford,Male,China,william.ford292@hotmail.com,1978-06-05,2025-06-27
P00341,Paula,Cole,Male,France,paula.cole326@hotmail.com,1995-10-20,2024-10-18
P00342,Jacob,Jacobs,Female,Italy,jacob.jacobs632@gmail.com,1974-10-29,2024-12-26
P00343,Shannon,Shepherd,Female,Thailand,shannon.shepherd599@hotmail.com,1997-09-03,2024-09-28
P00344,Christopher,Lucas,Female,Israel,christopher.lucas982@hotmail.com,1943-05-25,2025-06-14
P00345,Samuel,Gonzales,Male,Argentina,samuel.gonzales321@gmail.com,1976-04-12,2025-01-24
P00346,Michael,Hardin,Male,Turkey,michael.hardin758@yahoo.com,1967-01-29,2025-04-27
P00347,Erika,Williams,Female,India,erika.williams861@yahoo.com,1983-08-20,2024-10-07
P00348,Cameron,Davis,Male,Taiwan,cameron.davis751@yahoo.com,1986-11-11,2025-02-28
P00349,Johnathan,York,Female,Nigeria,johnathan.york457@hotmail.com,2006-04-25,2025-03-15
P00350,Morgan,Cook,Female,Philippines,morgan.cook565@gmail.com,1980-05-11,2025-03-01
P00351,Sabrina,Collins,Male,Sweden,sabrina.collins622@hotmail.com,1985-05-06,2025-07-07
P00352,Philip,Larson,Female,Czech Republic,philip.larson913@yahoo.com,2004-07-08,2025-07-21
P00353,Angelica,Schneider,Male,Hungary,angelica.schneider752@gmail.com,1963-01-26,2024-11-29
P00354,Elizabeth,Calderon,Male,United Arab Emirates,elizabeth.calderon78@hotmail.com,1990-12-20,2024-10-15
P00355,Rita,Davis,Male,Singapore,rita.davis593@hotmail.com,1986-04-29,2025-08-22
P00356,Michael,Cox,Male,Austria,michael.cox565@gmail.com,1952-12-28,2025-02-05
P00357,Matthew,Miranda,Female,Sweden,matthew.miranda794@gmail.com,1953-10-15,2025-04-20
P00358,Eric,Phillips,Female,Mexico,eric.phillips229@hotmail.com,1994-04-29,2025-06-16
P00359,Kelli,Conley,Female,Czech Republic,kelli.conley476@gmail.com,2000-10-28,2024-08-01
P00360,Ebony,Walter,Male,Mexico,ebony.walter373@hotmail.com,1982-10-05,2024-12-18
P00361,Nicholas,Martin,Male,Switzerland,nicholas.martin245@hotmail.com,1997-04-07,2024-12-17
P00362,Lisa,Martin,Male,United States,lisa.martin527@yahoo.com,1970-06-30,2024-10-21
P00363,Michael,Ball,Female,Egypt,michael.ball184@hotmail.com,2006-08-31,2025-06-21
P00364,Justin,Goodman,Male,United Kingdom,justin.goodman750@hotmail.com,1971-04-06,2024-11-15
P00365,John,Sheppard,Female,Austria,john.sheppard225@gmail.com,1994-01-26,2024-12-27
P00366,Micheal,Valentine,Female,Greece,micheal.valentine65@yahoo.com,2007-09-04,2024-08-07
P00367,Kayla,Strickland,Female,Greece,kayla.strickland44@yahoo.com,1974-12-06,2025-04-18
P00368,Tammy,Montoya,Male,Portugal,tammy.montoya930@gmail.com,1995-03-21,2024-09-23
P00369,Monique,Williams,Female,Norway,monique.williams940@yahoo.com,1973-05-31,2025-02-28
P00370,Angela,Garcia,Male,Austria,angela.garcia665@gmail.com,1998-04-03,2025-01-11
P00371,Justin,Hines,Male,Turkey,justin.hines992@hotmail.com,1959-04-14,2025-03-19
P00372,Dylan,Kim,Female,United Kingdom,dylan.kim270@gmail.com,2005-02-02,2024-12-08
P00373,Lisa,Wilkerson,Male,Malaysia,lisa.wilkerson670@yahoo.com,2004-01-03,2024-11-08
P00374,Brian,Shaw,Female,Singapore,brian.shaw670@gmail.com,1956-10-07,2025-02-19
P00375,Nicholas,Johnson,Female,Malaysia,nicholas.johnson997@hotmail.com,2004-01-11,2025-07-23
P00376,Debra,Moody,Female,Japan,debra.moody837@yahoo.com,1950-02-02,2025-05-09
P00377,Samantha,Kennedy,Female,Norway,samantha.kennedy909@hotmail.com,1997-04-01,2025-03-08
P00378,Taylor,Gilbert,Male,Poland,taylor.gilbert904@gmail.com,2002-05-01,2024-10-26
P00379,Jonathan,Conley,Female,Egypt,jonathan.conley236@hotmail.com,1978-01-19,2025-06-21
P00380,Chelsea,Henderson,Female,Germany,chelsea.henderson154@gmail.com,1993-07-06,2025-07-23
P00381,Kevin,Williams,Male,Kenya,kevin.williams617@hotmail.com,1969-04-13,2025-05-28
P00382,Stephen,Rodriguez,Male,Switzerland,stephen.rodriguez236@hotmail.com,2002-04-14,2024-08-29
P00383,Amanda,Chen,Female,United Arab Emirates,amanda.chen117@hotmail.com,1979-11-02,2025-01-31
P00384,Douglas,Patterson,Female,Norway,douglas.patterson216@gmail.com,1982-07-17,2024-12-28
P00385,Ashley,Lopez,Male,Sweden,ashley.lopez854@hotmail.com,1986-03-04,2024-11-02
P00386,Theresa,Jones,Male,Hong Kong,theresa.jones45@hotmail.com,1976-07-03,2025-02-02
P00387,Kristin,Romero,Male,Czech Republic,kristin.romero645@yahoo.com,1942-02-12,2025-06-27
P00388,Bradley,Hughes,Male,Senegal,bradley.hughes151@hotmail.com,1966-02-12,2024-12-12
P00389,Allen,Kramer,Male,Hungary,allen.kramer945@hotmail.com,1964-03-06,2025-08-03
P00390,Diane,Garcia,Female,South Africa,diane.garcia993@yahoo.com,1980-04-20,2025-05-31
P00391,Dennis,Bell,Male,United Arab Emirates,dennis.bell746@hotmail.com,1963-10-03,2024-11-16
P00392,Gregory,Maxwell,Female,Canada,gregory.maxwell222@hotmail.com,1972-04-29,2024-09-27
P00393,Timothy,White,Female,Norway,timothy.white175@hotmail.com,1949-11-26,2025-01-14
P00394,Kimberly,Ellis,Female,South Africa,kimberly.ellis147@gmail.com,1960-09-08,2025-05-11
P00395,Kylie,Blackwell,Male,South Korea,kylie.blackwell676@yahoo.com,1962-03-12,2024-11-06
P00396,Zachary,Hays,Female,Egypt,zachary.hays742@yahoo.com,1977-08-29,2024-12-13
P00397,Benjamin,Lucas,Female,Nigeria,benjamin.lucas611@gmail.com,1960-03-10,2024-09-14
P00398,Michelle,Rivera,Male,Greece,michelle.rivera388@yahoo.com,1949-03-13,2024-11-02
P00399,Samuel,Ross,Male,China,samuel.ross17@yahoo.com,1970-08-20,2025-02-15
P00400,Matthew,Lopez,Female,Denmark,matthew.lopez621@yahoo.com,1987-10-17,2025-05-20
P00401,Sandra,Stone,Male,Norway,sandra.stone924@hotmail.com,1995-03-19,2025-07-13
P00402,Roger,Jordan,Male,Qatar,roger.jordan516@gmail.com,2008-05-26,2024-10-21
P00403,Amy,Morris,Male,Canada,amy.morris493@gmail.com,1946-03-06,2024-08-11
P00404,Kenneth,Griffin,Male,South Africa,kenneth.griffin553@gmail.com,1989-07-14,2024-09-28
P00405,Hannah,Bell,Female,Portugal,hannah.bell431@yahoo.com,1943-08-12,2025-08-31
P00406,Christina,Graham,Male,Thailand,christina.graham543@gmail.com,1984-03-20,2025-02-23
P00407,Charles,Walsh,Male,Norway,charles.walsh809@hotmail.com,1965-06-09,2025-01-24
P00408,Erin,Cisneros,Female,Japan,erin.cisneros604@hotmail.com,1950-06-11,2024-08-03
P00409,Erika,Kim,Male,Netherlands,erika.kim138@gmail.com,1949-04-26,2024-08-17
P00410,Kimberly,Diaz,Female,Vietnam,kimberly.diaz239@hotmail.com,1966-10-07,2025-04-23
P00411,Antonio,Hernandez,Female,South Africa,antonio.hernandez898@yahoo.com,1971-04-30,2025-07-20
P00412,Nathan,Hines,Female,Hungary,nathan.hines194@hotmail.com,1979-10-05,2024-11-26
P00413,Michael,Edwards,Male,Senegal,michael.edwards536@gmail.com,1959-09-07,2025-08-29
P00414,Anthony,Lopez,Male,Malaysia,anthony.lopez671@hotmail.com,1975-12-10,2025-07-02
P00415,David,Hampton,Female,Morocco,david.hampton371@gmail.com,1988-08-10,2025-05-18
P00416,Wendy,Mitchell,Male,Netherlands,wendy.mitchell668@yahoo.com,2003-01-20,2025-07-08
P00417,James,Taylor,Female,Hungary,james.taylor876@gmail.com,1945-10-08,2024-11-05
P00418,Rachel,Wallace,Female,Senegal,rachel.wallace375@hotmail.com,1946-09-14,2024-11-30
P00419,Tammy,Downs,Female,Taiwan,tammy.downs407@hotmail.com,1986-02-23,2024-10-22
P00420,Calvin,Daniels,Male,Morocco,calvin.daniels566@gmail.com,2001-05-06,2024-08-10
P00421,Jennifer,Ho,Female,Finland,jennifer.ho380@yahoo.com,1984-02-05,2024-11-19
P00422,William,Martinez,Female,Hungary,william.martinez315@gmail.com,1954-05-26,2024-11-18
P00423,Joel,Snyder,Female,Vietnam,joel.snyder723@hotmail.com,1965-04-10,2024-11-09
P00424,Miguel,Lara,Male,Switzerland,miguel.lara122@hotmail.com,1978-03-31,2025-02-09
P00425,Nicole,Jones,Male,New Zealand,nicole.jones802@hotmail.com,1967-10-23,2024-08-14
P00426,Jennifer,Fox,Male,China,jennifer.fox220@hotmail.com,1993-01-13,2024-09-07
P00427,Charles,Compton,Female,Italy,charles.compton821@yahoo.com,1984-05-30,2024-12-14
P00428,Steven,Holmes,Male,Egypt,steven.holmes399@hotmail.com,1949-06-17,2024-11-23
P00429,Danielle,White,Male,Canada,danielle.white844@yahoo.com,2006-06-10,2024-10-10
P00430,Wesley,Oneill,Female,South Africa,wesley.oneill446@hotmail.com,1997-04-08,2025-06-18
P00431,Eric,Martin,Male,Hungary,eric.martin228@hotmail.com,1962-09-03,2025-07-17
P00432,Jeremiah,Meza,Male,South Africa,jeremiah.meza39@yahoo.com,1976-01-07,2025-02-23
P00433,Meghan,King,Female,Mexico,meghan.king629@hotmail.com,1983-12-01,2024-08-26
P00434,Joshua,Weber,Female,Turkey,joshua.weber987@gmail.com,1982-07-07,2024-09-30
P00435,Wayne,Jackson,Male,Vietnam,wayne.jackson840@gmail.com,2004-10-05,2024-10-30
P00436,George,Weber,Female,New Zealand,george.weber11@yahoo.com,2002-01-25,2025-06-03
P00437,Megan,Elliott,Female,France,megan.elliott35@gmail.com,1996-11-06,2025-05-20
P00438,Christopher,Fry,Male,South Korea,christopher.fry174@yahoo.com,1993-02-28,2024-10-29
P00439,Debra,Wang,Male,Kenya,debra.wang245@hotmail.com,1969-01-22,2024-09-20
P00440,Anthony,Small,Male,Egypt,anthony.small89@hotmail.com,1977-10-31,2024-09-30
P00441,Sue,Webb,Female,Japan,sue.webb686@hotmail.com,1995-06-15,2025-04-12
P00442,Richard,Chavez,Female,Singapore,richard.chavez206@gmail.com,1987-07-24,2025-02-10
P00443,Scott,Washington,Male,United Kingdom,scott.washington721@hotmail.com,1954-08-10,2024-12-09
P00444,Douglas,Hensley,Male,Saudi Arabia,douglas.hensley292@yahoo.com,1962-06-12,2025-07-27
P00445,Theresa,Anderson,Female,Japan,theresa.anderson987@hotmail.com,1965-12-06,2024-08-25
P00446,Daniel,Allen,Male,South Africa,daniel.allen987@yahoo.com,1949-01-24,2025-04-12
P00447,John,Davis,Female,Mexico,john.davis589@yahoo.com,1960-06-19,2025-05-24
P00448,Michelle,Barnes,Female,Finland,michelle.barnes417@gmail.com,2006-03-13,2025-08-29
P00449,Lisa,Peck,Male,Saudi Arabia,lisa.peck75@gmail.com,1989-10-08,2024-12-15
P00450,Kathryn,Jimenez,Female,Italy,kathryn.jimenez970@yahoo.com,1975-09-26,2024-12-17
P00451,Natasha,Jimenez,Female,Qatar,natasha.jimenez833@yahoo.com,1946-11-09,2025-07-03
P00452,William,Levy,Female,Thailand,william.levy454@yahoo.com,1955-05-13,2024-11-10
P00453,Brandon,Campbell,Female,Vietnam,brandon.campbell250@hotmail.com,1981-05-13,2025-02-19
P00454,Emily,Mitchell,Female,Vietnam,emily.mitchell470@gmail.com,1941-04-16,2024-08-09
P00455,Ryan,Khan,Female,Singapore,ryan.khan883@yahoo.com,1990-03-16,2024-09-17
P00456,Michael,Morales,Female,Colombia,michael.morales265@gmail.com,1979-07-07,2025-08-17
P00457,Michael,Roberts,Female,Spain,michael.roberts808@yahoo.com,1967-01-02,2025-07-28
P00458,Kathy,Ramirez,Male,Israel,kathy.ramirez423@hotmail.com,2007-12-29,2025-05-11
P00459,Cheryl,Anderson,Male,Thailand,cheryl.anderson853@yahoo.com,1947-04-23,2025-03-04
P00460,Laura,Morgan,Male,Indonesia,laura.morgan96@gmail.com,2004-07-31,2025-04-19
P00461,James,Hicks,Female,Brazil,james.hicks568@gmail.com,1974-09-27,2025-02-08
P00462,Benjamin,Reeves,Female,Israel,benjamin.reeves363@hotmail.com,1995-05-28,2025-06-01
P00463,Stephen,Obrien,Female,Finland,stephen.obrien970@yahoo.com,1975-10-15,2025-05-12
P00464,Sarah,Flores,Male,Philippines,sarah.flores755@hotmail.com,1967-06-15,2024-08-14
P00465,Jodi,Evans,Male,United Kingdom,jodi.evans248@hotmail.com,1963-08-10,2025-05-21
P00466,Amanda,Erickson,Male,Greece,amanda.erickson208@gmail.com,1961-02-12,2025-04-18
P00467,Micheal,Nunez,Female,Denmark,micheal.nunez798@hotmail.com,2007-05-14,2025-04-26
P00468,Kyle,Roach,Male,Canada,kyle.roach693@hotmail.com,2000-01-14,2025-07-08
P00469,Anthony,Wells,Female,South Korea,anthony.wells7@hotmail.com,2006-06-30,2024-09-26
P00470,Becky,Griffith,Male,Norway,becky.griffith381@gmail.com,1980-05-30,2024-08-05
P00471,Alexandria,Griffith,Female,Philippines,alexandria.griffith920@yahoo.com,1993-05-28,2024-10-18
P00472,Dylan,Becker,Female,Philippines,dylan.becker188@hotmail.com,1942-11-18,2024-11-10
P00473,Daniel,Smith,Female,Mexico,daniel.smith228@gmail.com,1962-01-24,2024-08-05
P00474,Robert,Harris,Male,Belgium,robert.harris539@hotmail.com,1974-11-09,2024-08-12
P00475,Samantha,Salas,Female,Qatar,samantha.salas34@gmail.com,1990-10-08,2025-01-27
P00476,Janice,Stone,Female,Mexico,janice.stone882@hotmail.com,1978-11-15,2024-12-17
P00477,Timothy,Bennett,Male,Nigeria,timothy.bennett124@yahoo.com,2005-10-15,2024-09-14
P00478,Rhonda,Peterson,Female,Israel,rhonda.peterson706@hotmail.com,1964-10-28,2024-09-08
P00479,Erin,Lara,Male,Taiwan,erin.lara216@yahoo.com,1958-09-16,2025-08-27
P00480,James,Wright,Male,Israel,james.wright371@gmail.com,1978-09-07,2025-02-18
P00481,Shelly,Hendrix,Female,Finland,shelly.hendrix562@hotmail.com,1993-03-04,2024-10-22
P00482,Jared,Bush,Male,India,jared.bush483@yahoo.com,1962-04-17,2025-04-19
P00483,Ann,Michael,Female,Kenya,ann.michael189@yahoo.com,1989-10-21,2024-10-22
P00484,David,Rhodes,Female,Germany,david.rhodes430@yahoo.com,1966-07-21,2024-12-19
P00485,Loretta,Blevins,Female,Kenya,loretta.blevins875@yahoo.com,1995-06-13,2024-09-07
P00486,Bobby,Moses,Female,New Zealand,bobby.moses185@yahoo.com,1946-02-08,2025-02-07
P00487,Diana,Burgess,Male,Senegal,diana.burgess703@hotmail.com,1955-04-14,2024-11-12
P00488,Joseph,Hoffman,Male,United Arab Emirates,joseph.hoffman277@gmail.com,1959-03-16,2025-05-06
P00489,Christina,Matthews,Female,Malaysia,christina.matthews201@hotmail.com,1957-03-21,2025-05-03
P00490,Rebecca,Perez,Male,Norway,rebecca.perez826@gmail.com,1956-07-25,2025-06-18
P00491,Robert,Love,Male,Morocco,robert.love512@gmail.com,1947-07-28,2025-08-27
P00492,Adam,Pierce,Female,Philippines,adam.pierce308@yahoo.com,2003-11-30,2025-06-24
P00493,Denise,Gilmore,Male,Mexico,denise.gilmore102@hotmail.com,1973-01-29,2025-04-25
P00494,James,Maynard,Male,Belgium,james.maynard221@hotmail.com,1962-07-28,2024-09-12
P00495,Brian,Mack,Female,Spain,brian.mack99@gmail.com,1985-02-02,2025-04-23
P00496,Amanda,Sharp,Female,Hungary,amanda.sharp370@gmail.com,2004-06-05,2025-01-13
P00497,Robert,Monroe,Female,Japan,robert.monroe21@gmail.com,2004-03-28,2025-02-28
P00498,Wendy,Sanders,Male,Japan,wendy.sanders572@yahoo.com,1974-06-02,2025-02-02
P00499,Suzanne,Howe,Male,Senegal,suzanne.howe590@gmail.com,2000-05-08,2024-09-18
P00500,Kenneth,Morrison,Male,Vietnam,kenneth.morrison292@yahoo.com,2003-11-14,2024-10-03
P00501,Justin,Hays,Female,Taiwan,justin.hays523@yahoo.com,1977-09-04,2025-03-03
P00502,Pamela,Anderson,Female,Canada,pamela.anderson391@yahoo.com,1975-01-08,2024-12-25
P00503,James,Rodriguez,Female,Nigeria,james.rodriguez647@yahoo.com,1951-10-13,2024-10-21
P00504,Deborah,Higgins,Male,Spain,deborah.higgins828@yahoo.com,1941-09-09,2025-06-18
P00505,Krystal,Bradley,Female,Spain,krystal.bradley628@gmail.com,1992-03-24,2025-03-12
P00506,Cheryl,Fowler,Female,Brazil,cheryl.fowler82@yahoo.com,1968-04-22,2024-11-12
P00507,Zachary,Miller,Female,Greece,zachary.miller322@gmail.com,1986-03-30,2025-06-10
P00508,Tina,Woods,Female,Turkey,tina.woods274@gmail.com,2004-05-15,2025-03-22
P00509,Jose,Young,Female,India,jose.young909@yahoo.com,1991-12-28,2024-10-26
P00510,Kevin,Sharp,Female,United Kingdom,kevin.sharp602@hotmail.com,1941-07-06,2025-01-16
P00511,Michael,Young,Female,Morocco,michael.young172@yahoo.com,1986-02-21,2024-12-08
P00512,Kurt,Sullivan,Male,Czech Republic,kurt.sullivan746@hotmail.com,1974-11-27,2025-05-29
P00513,Kayla,Vaughn,Female,United Kingdom,kayla.vaughn718@yahoo.com,1984-03-01,2025-05-03
P00514,Michael,Walker,Male,Germany,michael.walker171@yahoo.com,2005-10-31,2024-08-13
P00515,Eric,Adkins,Male,China,eric.adkins66@yahoo.com,1981-12-03,2025-02-09
P00516,Jacqueline,Durham,Male,Australia,jacqueline.durham790@hotmail.com,1992-03-26,2025-01-01
P00517,Margaret,Gill,Male,China,margaret.gill269@hotmail.com,1986-12-30,2025-02-09
P00518,Morgan,Miller,Male,Canada,morgan.miller671@hotmail.com,1971-02-10,2024-10-19
P00519,Michael,Stark,Female,Greece,michael.stark254@hotmail.com,1948-05-12,2025-02-13
P00520,Rebecca,Harris,Female,New Zealand,rebecca.harris642@gmail.com,1977-03-24,2024-08-19
P00521,Mark,Meyer,Male,Portugal,mark.meyer859@gmail.com,1948-08-21,2025-06-28
P00522,Jennifer,Burns,Male,Austria,jennifer.burns680@yahoo.com,2001-11-09,2025-06-05
P00523,Lindsey,Chavez,Female,Norway,lindsey.chavez479@yahoo.com,1975-08-20,2025-03-02
P00524,Anne,Hansen,Female,Saudi Arabia,anne.hansen456@yahoo.com,1986-06-25,2024-11-28
P00525,Jennifer,Foster,Male,Singapore,jennifer.foster612@hotmail.com,1996-04-02,2025-06-23
P00526,Jeffery,Jones,Female,Portugal,jeffery.jones656@hotmail.com,1969-07-18,2025-01-10
P00527,Bryce,Mcknight,Female,Japan,bryce.mcknight494@gmail.com,2004-04-14,2024-10-08
P00528,Valerie,Kennedy,Male,Canada,valerie.kennedy453@gmail.com,1960-04-03,2024-11-28
P00529,Kayla,Cannon,Female,Morocco,kayla.cannon267@hotmail.com,2007-04-05,2025-03-27
P00530,Tamara,Brooks,Female,Argentina,tamara.brooks1@yahoo.com,2001-05-06,2025-06-13
P00531,Molly,Knox,Male,Japan,molly.knox294@hotmail.com,1966-04-11,2024-12-07
P00532,Tamara,Baxter,Male,Thailand,tamara.baxter945@yahoo.com,1949-10-11,2025-01-03
P00533,David,Haney,Female,Ireland,david.haney10@gmail.com,1967-06-18,2024-12-23
P00534,Jessica,Walker,Female,Indonesia,jessica.walker612@gmail.com,1940-12-20,2024-08-04
P00535,Tiffany,Ford,Male,Saudi Arabia,tiffany.ford383@yahoo.com,1989-08-19,2025-05-05
P00536,Amanda,Morrow,Female,Saudi Arabia,amanda.morrow448@yahoo.com,1957-07-25,2025-05-27
P00537,Eric,Lopez,Male,Egypt,eric.lopez733@gmail.com,2000-03-31,2025-02-10
P00538,Antonio,Keller,Female,Malaysia,antonio.keller226@gmail.com,1982-07-19,2024-08-19
P00539,John,Jones,Male,Netherlands,john.jones641@yahoo.com,1981-02-13,2025-04-19
P00540,Carla,Warner,Female,Indonesia,carla.warner665@hotmail.com,1944-01-16,2025-05-01
P00541,Bradley,Gonzales,Female,Morocco,bradley.gonzales193@gmail.com,1977-06-09,2024-08-16
P00542,Donald,Holder,Male,Czech Republic,donald.holder297@hotmail.com,1956-08-27,2025-07-27
P00543,Barbara,Ray,Female,South Korea,barbara.ray464@yahoo.com,1993-04-07,2025-07-06
P00544,Joel,Walter,Female,France,joel.walter329@hotmail.com,2007-10-05,2025-04-14
P00545,Jeffrey,Turner,Male,Belgium,jeffrey.turner993@hotmail.com,1944-11-17,2025-08-22
P00546,Nichole,Buck,Male,Finland,nichole.buck996@yahoo.com,1983-04-20,2024-12-01
P00547,Angela,Williams,Female,India,angela.williams129@hotmail.com,1964-02-26,2025-07-10
P00548,Emily,Floyd,Female,United Arab Emirates,emily.floyd9@yahoo.com,1962-05-29,2024-08-30
P00549,Ricky,Evans,Male,Denmark,ricky.evans16@hotmail.com,1953-03-28,2025-05-04
P00550,Thomas,Atkinson,Male,Italy,thomas.atkinson431@hotmail.com,1961-03-08,2024-12-22
P00551,Drew,Ford,Female,Kenya,drew.ford475@yahoo.com,1944-08-26,2025-03-25
P00552,Tammy,Grant,Male,Italy,tammy.grant83@gmail.com,1949-11-07,2024-09-09
P00553,Jonathan,Rivera,Male,Belgium,jonathan.rivera273@yahoo.com,1946-02-09,2024-08-12
P00554,Melanie,Davis,Female,Brazil,melanie.davis557@gmail.com,1990-01-02,2024-07-30
P00555,Brett,Bennett,Male,France,brett.bennett918@gmail.com,1981-11-14,2025-01-03
P00556,Morgan,Lopez,Female,Argentina,morgan.lopez125@hotmail.com,1992-07-12,2025-04-25
P00557,Emily,Robinson,Male,Malaysia,emily.robinson790@yahoo.com,1954-12-09,2024-08-03
P00558,Kevin,Stout,Male,United Kingdom,kevin.stout35@gmail.com,1955-02-19,2025-01-17
P00559,Suzanne,Wilson,Female,United Kingdom,suzanne.wilson790@yahoo.com,2008-09-14,2025-05-22
P00560,Robin,Dominguez,Male,Norway,robin.dominguez399@yahoo.com,1988-08-03,2025-07-14
P00561,Rose,Arnold,Female,Israel,rose.arnold163@yahoo.com,1993-06-20,2024-09-17
P00562,Steven,Wong,Male,United Kingdom,steven.wong960@yahoo.com,1961-09-15,2024-10-13
P00563,William,Crawford,Male,Hungary,william.crawford493@hotmail.com,1947-06-10,2024-11-23
P00564,Terrance,Franco,Female,France,terrance.franco370@yahoo.com,2002-11-28,2024-10-09
P00565,Lawrence,Williams,Male,Colombia,lawrence.williams242@hotmail.com,1999-06-29,2025-08-05
P00566,Dustin,Green,Female,Israel,dustin.green16@hotmail.com,2004-04-18,2024-10-11
P00567,Jennifer,Phillips,Female,Singapore,jennifer.phillips123@gmail.com,1954-01-27,2025-06-07
P00568,Noah,Whitaker,Male,Argentina,noah.whitaker993@hotmail.com,1974-09-08,2025-02-10
P00569,Sherry,Morgan,Female,Thailand,sherry.morgan611@yahoo.com,1992-08-22,2025-08-10
P00570,Tammy,May,Female,Vietnam,tammy.may92@gmail.com,1974-02-03,2025-06-13
P00571,Jessica,Bell,Male,Philippines,jessica.bell94@hotmail.com,1950-04-02,2025-04-26
P00572,Tracy,Stark,Female,United States,tracy.stark641@hotmail.com,1977-08-07,2024-09-14
P00573,Susan,Warren,Male,Japan,susan.warren661@gmail.com,1997-10-15,2025-08-01
P00574,Sierra,Barnett,Male,Czech Republic,sierra.barnett500@yahoo.com,1992-09-15,2025-06-14
P00575,Derrick,Mccoy,Female,Saudi Arabia,derrick.mccoy808@gmail.com,1945-05-10,2025-05-04
P00576,Albert,Wagner,Female,New Zealand,albert.wagner751@hotmail.com,1966-02-10,2024-10-05
P00577,Dana,Peck,Male,Thailand,dana.peck387@hotmail.com,2002-10-20,2025-05-25
P00578,Tony,Smith,Male,Hungary,tony.smith921@gmail.com,1978-03-31,2025-03-01
P00579,Alvin,Bowen,Female,Turkey,alvin.bowen449@yahoo.com,1977-03-01,2025-08-11
P00580,Andre,Li,Female,Qatar,andre.li714@gmail.com,1986-07-26,2024-11-18
P00581,Daniel,Davis,Male,Senegal,daniel.davis192@gmail.com,1950-11-10,2024-12-24
P00582,Christine,King,Female,Israel,christine.king750@yahoo.com,1964-11-01,2024-11-26
P00583,Christian,Chung,Female,South Africa,christian.chung937@gmail.com,1971-12-12,2025-01-04
P00584,Veronica,Perez,Male,Brazil,veronica.perez544@gmail.com,1987-04-01,2024-11-21
P00585,Desiree,Garrison,Female,Indonesia,desiree.garrison840@gmail.com,1992-05-20,2025-06-13
P00586,Richard,Bennett,Female,Nigeria,richard.bennett1@hotmail.com,1973-02-06,2025-04-19
P00587,Albert,Jackson,Female,United Arab Emirates,albert.jackson190@yahoo.com,1974-09-21,2024-07-30
P00588,Deanna,Rivera,Female,Vietnam,deanna.rivera636@gmail.com,2007-03-11,2025-08-22
P00589,Patricia,Ellison,Female,United Arab Emirates,patricia.ellison65@hotmail.com,1956-05-10,2025-05-01
P00590,Paige,Alvarez,Female,France,paige.alvarez537@gmail.com,1943-11-25,2024-09-28
P00591,Gabrielle,Ramirez,Female,Vietnam,gabrielle.ramirez565@hotmail.com,1977-08-29,2024-09-16
P00592,Antonio,Mcfarland,Female,Israel,antonio.mcfarland420@gmail.com,1962-02-12,2025-06-14
P00593,Brenda,Goodwin,Female,Colombia,brenda.goodwin99@yahoo.com,1989-03-13,2024-10-07
P00594,Sarah,Evans,Male,Austria,sarah.evans856@hotmail.com,1979-01-31,2024-12-07
P00595,Mary,Price,Male,Austria,mary.price207@yahoo.com,2001-09-12,2025-06-26
P00596,Patrick,Singh,Female,France,patrick.singh102@hotmail.com,1994-06-27,2025-07-08
P00597,Jennifer,Mason,Female,Switzerland,jennifer.mason502@gmail.com,2006-12-27,2025-08-15
P00598,Connor,Hall,Female,Belgium,connor.hall376@hotmail.com,1945-11-26,2024-12-05
P00599,Kayla,Friedman,Male,Argentina,kayla.friedman953@yahoo.com,1967-09-16,2025-05-10
P00600,Anthony,Nelson,Female,Canada,anthony.nelson480@yahoo.com,2008-03-24,2025-05-17
P00601,Jeremy,Tran,Male,Kenya,jeremy.tran572@gmail.com,1966-04-06,2024-10-08
P00602,Erin,Guerrero,Female,Kenya,erin.guerrero814@hotmail.com,1946-07-24,2024-08-16
P00603,Kenneth,Wright,Male,South Korea,kenneth.wright273@yahoo.com,1945-09-24,2024-09-03
P00604,Eric,Dawson,Male,United Arab Emirates,eric.dawson73@hotmail.com,1983-11-03,2024-12-04
P00605,Peter,Ward,Male,Germany,peter.ward984@yahoo.com,1946-12-16,2025-03-29
P00606,Sean,Juarez,Male,China,sean.juarez743@gmail.com,1947-09-08,2024-12-09
P00607,Jacob,Cole,Female,France,jacob.cole198@yahoo.com,1978-06-16,2025-05-05
P00608,Dakota,Davis,Male,Senegal,dakota.davis641@hotmail.com,1978-06-03,2024-12-05
P00609,Carly,Nguyen,Female,United Kingdom,carly.nguyen109@yahoo.com,1966-12-06,2025-06-01
P00610,Robert,Maxwell,Female,Taiwan,robert.maxwell470@hotmail.com,1990-01-08,2024-08-04
P00611,Rebecca,Spence,Female,China,rebecca.spence171@gmail.com,1979-08-17,2024-09-06
P00612,Gina,Jackson,Female,Poland,gina.jackson346@yahoo.com,1959-01-08,2025-05-31
P00613,Trevor,Brown,Male,Qatar,trevor.brown615@yahoo.com,1970-04-17,2024-09-29
P00614,Kevin,Patton,Female,Israel,kevin.patton564@gmail.com,1965-04-16,2025-01-17
P00615,Jennifer,Simpson,Female,Morocco,jennifer.simpson783@yahoo.com,1982-09-01,2025-03-18
P00616,Daniel,Torres,Female,United Arab Emirates,daniel.torres332@yahoo.com,2005-04-02,2024-10-11
P00617,Meagan,James,Male,Senegal,meagan.james559@yahoo.com,1999-05-13,2024-10-24
P00618,Matthew,Ochoa,Female,Vietnam,matthew.ochoa564@hotmail.com,1999-03-07,2025-05-14
P00619,Derek,Flores,Female,Kenya,derek.flores985@gmail.com,2005-02-23,2024-08-15
P00620,Timothy,Thompson,Female,Mexico,timothy.thompson1@yahoo.com,1967-10-25,2025-01-12
P00621,Kelly,Neal,Male,Indonesia,kelly.neal611@hotmail.com,1974-02-14,2024-08-25
P00622,Kimberly,Nguyen,Male,Ireland,kimberly.nguyen7@yahoo.com,1959-10-17,2025-08-23
P00623,Michael,Frederick,Male,Germany,michael.frederick877@hotmail.com,1954-04-27,2025-03-31
P00624,Hector,Saunders,Male,Vietnam,hector.saunders842@hotmail.com,1942-07-25,2025-03-23
P00625,Steven,Erickson,Female,Saudi Arabia,steven.erickson524@yahoo.com,1970-07-19,2024-09-12
P00626,Marie,Jones,Male,China,marie.jones39@yahoo.com,1998-05-20,2024-11-20
P00627,Emily,Taylor,Female,Denmark,emily.taylor142@yahoo.com,1961-04-29,2025-01-08
P00628,Donna,Espinoza,Female,Singapore,donna.espinoza256@gmail.com,1994-05-23,2025-04-18
P00629,Shane,Harper,Female,Ireland,shane.harper95@hotmail.com,1980-04-29,2025-05-04
P00630,William,Knapp,Female,Senegal,william.knapp940@hotmail.com,1987-10-08,2024-11-12
P00631,Benjamin,Schmitt,Male,United Arab Emirates,benjamin.schmitt333@hotmail.com,1988-06-11,2025-05-12
P00632,Brittney,Rocha,Male,Philippines,brittney.rocha846@gmail.com,1948-03-03,2024-12-27
P00633,Diane,Kelly,Male,South Africa,diane.kelly658@gmail.com,1984-09-23,2024-09-12
P00634,Anna,Newman,Male,United Arab Emirates,anna.newman828@yahoo.com,1984-09-17,2025-03-31
P00635,Tammy,Jordan,Female,Canada,tammy.jordan799@yahoo.com,1941-06-13,2024-11-09
P00636,Jeffrey,Burgess,Female,Japan,jeffrey.burgess901@hotmail.com,1978-09-04,2025-08-03
P00637,Barbara,Griffin,Female,Colombia,barbara.griffin891@hotmail.com,1967-05-01,2025-01-21
P00638,Brianna,Mason,Male,United Kingdom,brianna.mason669@gmail.com,1964-03-10,2024-08-02
P00639,Timothy,Phillips,Male,Spain,timothy.phillips797@gmail.com,2003-05-01,2024-10-27
P00640,Darren,Shepard,Female,Belgium,darren.shepard313@yahoo.com,1950-05-14,2024-10-12
P00641,Matthew,Mueller,Male,Israel,matthew.mueller553@yahoo.com,1976-03-02,2024-12-06
P00642,Thomas,Kim,Male,Israel,thomas.kim515@yahoo.com,1988-02-11,2024-11-15
P00643,Carlos,Williams,Male,Denmark,carlos.williams52@gmail.com,1989-01-24,2024-09-08
P00644,Melinda,Wong,Female,New Zealand,melinda.wong771@gmail.com,1986-10-12,2024-09-21
P00645,Sarah,Yang,Male,Greece,sarah.yang443@hotmail.com,1975-10-27,2024-10-31
P00646,Ethan,Castro,Female,Denmark,ethan.castro136@gmail.com,2005-11-28,2025-04-05
P00647,Lauren,Soto,Male,Norway,lauren.soto586@hotmail.com,1953-05-29,2025-03-12
P00648,Ryan,Johnson,Male,Saudi Arabia,ryan.johnson409@gmail.com,1982-06-29,2024-08-15
P00649,Shannon,Jordan,Male,Mexico,shannon.jordan514@gmail.com,1941-01-13,2025-04-19
P00650,Jamie,Goodwin,Male,United States,jamie.goodwin139@gmail.com,1995-09-23,2025-01-21
P00651,Barbara,Lloyd,Male,Philippines,barbara.lloyd405@yahoo.com,1977-03-29,2024-12-28
P00652,Mark,Ellis,Male,Saudi Arabia,mark.ellis631@yahoo.com,1958-07-29,2024-10-02
P00653,Allison,Fowler,Male,Hong Kong,allison.fowler74@hotmail.com,1981-04-29,2024-08-20
P00654,Philip,Wilson,Female,Israel,philip.wilson702@yahoo.com,1964-09-01,2025-04-17
P00655,Christina,Cervantes,Male,Colombia,christina.cervantes688@yahoo.com,1988-09-27,2024-11-10
P00656,Samantha,Lawrence,Female,Kenya,samantha.lawrence357@yahoo.com,1986-06-09,2025-02-01
P00657,David,Torres,Female,Japan,david.torres609@hotmail.com,1953-03-07,2025-05-26
P00658,Donald,Price,Male,Vietnam,donald.price313@hotmail.com,1981-04-16,2024-09-30
P00659,Patrick,Lopez,Female,South Korea,patrick.lopez842@hotmail.com,1983-12-12,2025-06-06
P00660,Samantha,Arias,Male,New Zealand,samantha.arias46@gmail.com,1952-07-06,2025-01-17
P00661,Tracy,Taylor,Male,Taiwan,tracy.taylor383@yahoo.com,1962-02-15,2025-05-04
P00662,Christine,Glenn,Male,Colombia,christine.glenn758@yahoo.com,2005-06-16,2025-06-13
P00663,Derrick,Ochoa,Male,South Korea,derrick.ochoa949@hotmail.com,2006-04-10,2025-08-04
P00664,Denise,Ortiz,Female,Argentina,denise.ortiz352@hotmail.com,1974-03-03,2025-06-17
P00665,Mary,Burns,Male,Ireland,mary.burns461@gmail.com,1946-05-10,2024-09-10
P00666,Laura,Walker,Male,Italy,laura.walker215@gmail.com,1942-12-16,2025-01-02
P00667,Amanda,Jackson,Male,Germany,amanda.jackson560@hotmail.com,1971-10-31,2024-08-18
P00668,Kendra,Simpson,Female,Saudi Arabia,kendra.simpson495@hotmail.com,1975-06-20,2024-12-07
P00669,Danny,Hampton,Male,Thailand,danny.hampton716@yahoo.com,1996-09-18,2024-10-17
P00670,Amber,Sherman,Male,Malaysia,amber.sherman597@yahoo.com,1992-05-31,2024-09-23
P00671,Amy,Fritz,Male,Hungary,amy.fritz175@hotmail.com,1947-09-12,2024-09-26
P00672,Karen,Evans,Female,France,karen.evans809@yahoo.com,2008-09-07,2025-08-01
P00673,Jose,Atkins,Female,Belgium,jose.atkins477@gmail.com,1946-08-25,2024-09-09
P00674,Kimberly,Young,Male,Brazil,kimberly.young398@hotmail.com,1995-11-11,2024-09-30
P00675,Hannah,Callahan,Female,Switzerland,hannah.callahan873@yahoo.com,1982-03-26,2024-09-27
P00676,Gabriel,Taylor,Female,China,gabriel.taylor20@gmail.com,1954-10-13,2024-09-28
P00677,Linda,Hudson,Female,Greece,linda.hudson390@hotmail.com,1976-12-05,2025-04-04
P00678,Amber,Morris,Male,Israel,amber.morris497@yahoo.com,1988-08-10,2024-12-14
P00679,Ashley,Farley,Male,Finland,ashley.farley204@hotmail.com,1975-09-18,2024-10-30
P00680,Lisa,Taylor,Female,Saudi Arabia,lisa.taylor949@yahoo.com,1991-09-28,2024-12-18
P00681,Samantha,Riddle,Male,Austria,samantha.riddle254@gmail.com,1999-09-10,2024-09-01
P00682,Jacqueline,Anderson,Female,Italy,jacqueline.anderson502@yahoo.com,1950-09-05,2024-12-03
P00683,Maria,Juarez,Male,Australia,maria.juarez356@yahoo.com,1986-09-19,2025-02-11
P00684,Douglas,Chen,Female,Japan,douglas.chen641@yahoo.com,1983-06-04,2024-09-15
P00685,Shannon,Schultz,Male,Poland,shannon.schultz283@gmail.com,2000-07-31,2025-03-30
P00686,Richard,Brady,Female,Malaysia,richard.brady912@yahoo.com,1987-12-22,2025-07-31
P00687,Shawn,Freeman,Female,Greece,shawn.freeman156@hotmail.com,1980-04-22,2025-08-16
P00688,Christopher,Stanton,Female,Switzerland,christopher.stanton141@hotmail.com,1983-11-26,2025-03-10
P00689,Michael,Brown,Female,Portugal,michael.brown984@gmail.com,1977-01-27,2025-07-18
P00690,Tammy,Summers,Male,Morocco,tammy.summers247@yahoo.com,1974-05-17,2024-09-18
P00691,Maria,Morgan,Male,Netherlands,maria.morgan994@hotmail.com,1980-01-13,2024-11-11
P00692,Melissa,Kramer,Female,New Zealand,melissa.kramer556@gmail.com,2001-07-15,2025-03-25
P00693,Brandon,Sims,Male,Sweden,brandon.sims142@gmail.com,1997-08-18,2025-06-25
P00694,David,Mathews,Male,Czech Republic,david.mathews317@gmail.com,1970-09-28,2024-11-07
P00695,Victoria,Patterson,Male,Netherlands,victoria.patterson931@gmail.com,2008-06-10,2024-09-13
P00696,Nicole,Turner,Male,Sweden,nicole.turner956@yahoo.com,2000-03-12,2024-08-02
P00697,Clarence,Ward,Male,Israel,clarence.ward70@hotmail.com,1946-05-04,2024-11-15
P00698,Rebecca,Martin,Male,Finland,rebecca.martin326@yahoo.com,1967-09-07,2024-11-19
P00699,Jessica,Fischer,Male,United States,jessica.fischer327@gmail.com,1969-12-02,2025-06-18
P00700,Jane,Smith,Female,Ireland,jane.smith454@gmail.com,1973-02-26,2025-02-01
P00701,Brittney,Stone,Female,Denmark,brittney.stone798@gmail.com,1970-12-31,2024-08-15
P00702,Heather,Montoya,Male,Czech Republic,heather.montoya190@yahoo.com,2007-12-05,2025-05-27
P00703,Heather,Woods,Female,South Africa,heather.woods581@gmail.com,1956-04-20,2025-08-18
P00704,Jessica,Garcia,Male,South Africa,jessica.garcia238@yahoo.com,1962-01-15,2024-10-22
P00705,Derrick,Ayala,Male,Japan,derrick.ayala82@gmail.com,1991-12-13,2025-05-05
P00706,Darlene,Byrd,Female,Czech Republic,darlene.byrd515@hotmail.com,1945-05-21,2024-09-13
P00707,Alan,Santos,Female,Turkey,alan.santos666@hotmail.com,1970-08-29,2024-10-26
P00708,Jason,Goodman,Male,Malaysia,jason.goodman504@hotmail.com,2003-04-15,2025-02-21
P00709,Glenda,Heath,Male,Egypt,glenda.heath198@gmail.com,1946-08-18,2025-01-01
P00710,Donald,Martinez,Male,Morocco,donald.martinez783@yahoo.com,1990-05-17,2025-05-08
P00711,Sylvia,Edwards,Female,Morocco,sylvia.edwards228@yahoo.com,1950-03-29,2025-08-24
P00712,Deanna,Wright,Male,United States,deanna.wright210@hotmail.com,1981-08-08,2024-08-16
P00713,Cathy,Maxwell,Male,New Zealand,cathy.maxwell888@hotmail.com,1987-09-08,2025-07-29
P00714,Nancy,Harris,Female,Thailand,nancy.harris333@gmail.com,1982-01-02,2024-10-20
P00715,Julie,Phillips,Male,Netherlands,julie.phillips415@gmail.com,1944-06-11,2025-01-09
P00716,Troy,Rodriguez,Male,South Africa,troy.rodriguez753@hotmail.com,1974-09-15,2024-07-30
P00717,Chad,Oneal,Female,Mexico,chad.oneal627@yahoo.com,1941-07-21,2025-02-18
P00718,Sarah,Anderson,Male,Portugal,sarah.anderson112@hotmail.com,1999-04-09,2024-08-16
P00719,Robert,Payne,Female,Austria,robert.payne899@yahoo.com,1952-06-25,2025-01-12
P00720,Stephanie,Townsend,Female,United Kingdom,stephanie.townsend41@gmail.com,1941-11-13,2025-04-28
P00721,Alexander,Lewis,Female,Portugal,alexander.lewis784@yahoo.com,2003-06-21,2024-11-19
P00722,William,Fuller,Male,France,william.fuller299@yahoo.com,1974-10-21,2024-10-13
P00723,Rodney,Morales,Female,Ireland,rodney.morales793@hotmail.com,1984-04-16,2025-01-18
P00724,Christina,Ramirez,Female,Egypt,christina.ramirez433@hotmail.com,1961-10-22,2025-04-07
P00725,Samantha,Mccann,Male,Thailand,samantha.mccann530@yahoo.com,1951-04-20,2025-04-03
P00726,Peter,Walters,Female,Sweden,peter.walters463@hotmail.com,1997-06-25,2025-06-20
P00727,Dawn,Collins,Male,Finland,dawn.collins798@gmail.com,1970-06-25,2025-07-16
P00728,Brian,Miller,Male,Mexico,brian.miller424@yahoo.com,1970-04-12,2024-11-05
P00729,Cheryl,Brown,Female,Australia,cheryl.brown184@hotmail.com,1986-01-10,2025-03-19
P00730,Joy,Wilson,Male,Nigeria,joy.wilson93@hotmail.com,1988-11-14,2025-01-11
P00731,Alexander,Crawford,Female,Thailand,alexander.crawford665@hotmail.com,1964-04-23,2025-04-25
P00732,Krista,Le,Male,Turkey,krista.le751@gmail.com,1952-02-01,2024-09-01
P00733,Kara,Marks,Male,Colombia,kara.marks724@gmail.com,1990-07-28,2025-06-29
P00734,Kelsey,Johnson,Female,Canada,kelsey.johnson537@yahoo.com,1995-08-14,2025-01-13
P00735,Alexandria,Baker,Female,United Arab Emirates,alexandria.baker811@hotmail.com,2007-01-14,2024-09-03
P00736,Chris,Gibson,Male,Malaysia,chris.gibson564@yahoo.com,1965-03-22,2024-12-13
P00737,Michele,Jackson,Male,Vietnam,michele.jackson175@gmail.com,1951-06-07,2025-02-18
P00738,Patricia,Craig,Male,Egypt,patricia.craig890@hotmail.com,1948-07-29,2025-03-13
P00739,William,Williams,Male,Vietnam,william.williams730@gmail.com,1999-05-31,2025-06-18
P00740,Brandon,Cox,Female,Ireland,brandon.cox317@gmail.com,2003-04-23,2025-08-05
P00741,Sarah,Mathews,Female,Indonesia,sarah.mathews642@hotmail.com,1978-04-30,2024-08-23
P00742,Joy,Barnes,Male,Czech Republic,joy.barnes984@yahoo.com,1962-08-13,2025-05-31
P00743,Ruth,Flores,Male,South Korea,ruth.flores784@hotmail.com,1996-11-25,2025-05-20
P00744,Nathan,Shaw,Male,Nigeria,nathan.shaw510@gmail.com,2002-01-24,2025-04-24
P00745,Jeffrey,Black,Male,South Africa,jeffrey.black904@yahoo.com,1943-11-09,2024-12-19
P00746,Casey,Marshall,Male,Germany,casey.marshall603@yahoo.com,1959-12-06,2024-12-22
P00747,Mark,Tran,Female,Nigeria,mark.tran420@gmail.com,1941-04-10,2024-09-28
P00748,Kelly,Mueller,Male,South Africa,kelly.mueller615@gmail.com,1991-01-09,2025-01-17
P00749,Steven,Vargas,Male,Saudi Arabia,steven.vargas285@gmail.com,1974-04-13,2025-08-28
P00750,Jessica,Payne,Male,Belgium,jessica.payne190@gmail.com,1994-11-10,2024-10-18
P00751,Adam,Ortiz,Male,Sweden,adam.ortiz358@yahoo.com,1956-07-29,2025-06-17
P00752,Cynthia,Steele,Male,Austria,cynthia.steele684@yahoo.com,1941-05-21,2025-08-13
P00753,Aaron,Sandoval,Female,Italy,aaron.sandoval943@hotmail.com,1998-06-19,2024-11-09
P00754,Kyle,Harris,Male,China,kyle.harris427@yahoo.com,2007-08-02,2025-07-18
P00755,Travis,Brown,Male,Taiwan,travis.brown292@hotmail.com,2008-07-11,2025-06-01
P00756,Joshua,Williams,Male,Nigeria,joshua.williams768@hotmail.com,1956-06-22,2024-10-23
P00757,Robert,Huang,Female,Austria,robert.huang96@hotmail.com,1971-11-28,2024-11-08
P00758,Christopher,Davis,Female,Israel,christopher.davis378@yahoo.com,1949-10-24,2024-08-03
P00759,Charles,Bradley,Male,United States,charles.bradley438@gmail.com,1970-04-24,2025-02-18
P00760,Joel,Green,Male,Indonesia,joel.green483@yahoo.com,1962-02-25,2024-11-23
P00761,Jaclyn,Moss,Male,Thailand,jaclyn.moss881@yahoo.com,1962-05-12,2025-06-24
P00762,Jesus,Harding,Female,Portugal,jesus.harding424@hotmail.com,1949-12-27,2025-04-13
P00763,Daniel,Garcia,Male,Thailand,daniel.garcia215@yahoo.com,1971-04-21,2024-12-06
P00764,Richard,Herrera,Male,China,richard.herrera586@gmail.com,2006-04-30,2024-10-22
P00765,Shannon,Ford,Male,Norway,shannon.ford742@gmail.com,1998-09-14,2024-08-23
P00766,Eric,Parks,Female,Netherlands,eric.parks624@hotmail.com,1996-12-04,2024-09-13
P00767,Carrie,Lewis,Female,Portugal,carrie.lewis589@gmail.com,1998-12-24,2025-03-22
P00768,Christopher,Wright,Female,Czech Republic,christopher.wright630@hotmail.com,1964-12-03,2024-10-16
P00769,Brandon,Evans,Female,Portugal,brandon.evans747@gmail.com,1996-07-01,2024-11-16
P00770,Anthony,Sullivan,Female,Philippines,anthony.sullivan828@hotmail.com,1971-06-26,2024-10-12
P00771,Andrea,Davis,Male,Turkey,andrea.davis298@gmail.com,1947-08-31,2025-05-31
P00772,David,Brown,Male,Colombia,david.brown25@gmail.com,1993-11-02,2025-05-24
P00773,David,Colon,Male,United Kingdom,david.colon869@hotmail.com,1966-01-17,2025-01-05
P00774,Sharon,Miller,Female,Morocco,sharon.miller47@gmail.com,1980-08-03,2025-05-17
P00775,Andrew,Brown,Female,Saudi Arabia,andrew.brown826@yahoo.com,2002-02-07,2025-03-14
P00776,Lisa,Davis,Male,Argentina,lisa.davis656@yahoo.com,1998-05-07,2024-10-09
P00777,David,Dunlap,Female,Hungary,david.dunlap810@hotmail.com,1944-03-05,2025-05-20
P00778,Ryan,Ramsey,Female,Ireland,ryan.ramsey519@yahoo.com,1974-06-21,2025-07-28
P00779,Felicia,Thompson,Female,Vietnam,felicia.thompson7@gmail.com,1955-05-02,2024-11-23
P00780,Joshua,Griffin,Female,Italy,joshua.griffin406@hotmail.com,1950-11-03,2025-07-04
P00781,Christine,Sanchez,Male,Finland,christine.sanchez199@yahoo.com,1960-10-19,2024-08-26
P00782,Nicole,Mendoza,Female,Taiwan,nicole.mendoza491@yahoo.com,1946-09-12,2025-03-15
P00783,Derrick,Gonzalez,Male,Sweden,derrick.gonzalez140@hotmail.com,2000-11-21,2025-01-01
P00784,John,Mcknight,Male,Spain,john.mcknight472@gmail.com,1977-09-13,2024-12-28
P00785,Veronica,Casey,Female,Nigeria,veronica.casey803@hotmail.com,1965-02-25,2024-11-30
P00786,Kimberly,Cooper,Male,Portugal,kimberly.cooper307@yahoo.com,1979-03-14,2025-02-01
P00787,Paul,White,Female,Saudi Arabia,paul.white549@gmail.com,1962-06-01,2024-11-15
P00788,Anthony,Cochran,Male,Senegal,anthony.cochran702@yahoo.com,1959-11-02,2025-08-22
P00789,Alyssa,Wang,Female,Brazil,alyssa.wang993@gmail.com,2008-09-15,2025-03-15
P00790,Craig,Sandoval,Female,Australia,craig.sandoval348@hotmail.com,1958-11-09,2025-06-16
P00791,Brian,Davies,Male,Senegal,brian.davies621@yahoo.com,1955-08-27,2025-02-20
P00792,Michael,Combs,Male,South Africa,michael.combs120@gmail.com,1998-03-17,2025-02-13
P00793,Joel,Stewart,Female,Turkey,joel.stewart879@yahoo.com,1990-12-04,2024-08-12
P00794,Robin,Johnson,Male,India,robin.johnson424@hotmail.com,1988-05-15,2025-03-23
P00795,Anne,Hart,Female,Hong Kong,anne.hart381@yahoo.com,1953-07-14,2025-07-18
P00796,Amber,Thompson,Female,Germany,amber.thompson538@gmail.com,1943-04-25,2025-01-12
P00797,Jesse,Robinson,Male,Colombia,jesse.robinson384@gmail.com,1976-07-13,2025-03-30
P00798,Martin,Mendez,Male,Canada,martin.mendez455@yahoo.com,1995-07-28,2025-08-12
P00799,Jennifer,Sellers,Male,Norway,jennifer.sellers927@yahoo.com,1998-02-22,2024-12-15
P00800,Brian,Hernandez,Male,France,brian.hernandez349@gmail.com,1988-08-26,2024-12-18
P00801,Kim,Mathis,Female,Vietnam,kim.mathis336@gmail.com,1999-04-05,2024-12-27
P00802,Nathaniel,Mcmahon,Male,Portugal,nathaniel.mcmahon693@gmail.com,1967-08-20,2025-06-19
P00803,Matthew,Morris,Male,United Arab Emirates,matthew.morris38@hotmail.com,2007-02-03,2025-06-25
P00804,Stacy,Conner,Female,Turkey,stacy.conner886@hotmail.com,2006-01-21,2025-01-08
P00805,Logan,Mann,Male,Argentina,logan.mann319@hotmail.com,1978-12-12,2024-12-07
P00806,Kristin,Walker,Male,Italy,kristin.walker479@gmail.com,1980-10-12,2025-08-09
P00807,Nicholas,Gross,Male,Portugal,nicholas.gross785@gmail.com,1960-10-04,2025-08-08
P00808,Jessica,Rush,Female,Australia,jessica.rush592@yahoo.com,2005-03-30,2024-09-28
P00809,Melissa,Townsend,Female,Spain,melissa.townsend914@gmail.com,1979-04-28,2024-08-08
P00810,Carrie,Mccall,Female,France,carrie.mccall198@gmail.com,2006-07-11,2025-05-16
P00811,Danielle,Garcia,Female,Qatar,danielle.garcia327@yahoo.com,1974-06-22,2025-04-07
P00812,Julie,Young,Female,Switzerland,julie.young121@gmail.com,2007-07-15,2024-08-01
P00813,Daisy,Mccarty,Male,Egypt,daisy.mccarty281@hotmail.com,1996-08-09,2025-04-14
P00814,Danielle,Tanner,Male,South Korea,danielle.tanner574@yahoo.com,1971-02-07,2025-07-04
P00815,Jason,Steele,Male,Germany,jason.steele556@gmail.com,1964-07-25,2024-12-11
P00816,Jennifer,Williams,Female,India,jennifer.williams145@yahoo.com,1970-07-14,2025-03-05
P00817,Tanya,Wilkerson,Female,Senegal,tanya.wilkerson251@yahoo.com,1974-04-06,2024-09-05
P00818,Michael,Bennett,Male,Ireland,michael.bennett628@hotmail.com,1997-02-03,2025-06-05
P00819,Debra,Mcdaniel,Female,Belgium,debra.mcdaniel134@gmail.com,1951-10-17,2025-03-11
P00820,Lauren,Johnson,Female,Taiwan,lauren.johnson52@yahoo.com,1942-02-05,2025-08-17
P00821,Stephanie,Jones,Female,Belgium,stephanie.jones89@yahoo.com,1952-04-19,2025-07-08
P00822,Eugene,Jones,Female,Finland,eugene.jones722@gmail.com,2004-10-11,2025-01-25
P00823,Matthew,Galloway,Female,South Korea,matthew.galloway365@hotmail.com,2001-06-22,2024-10-30
P00824,Anthony,Dunlap,Female,France,anthony.dunlap731@yahoo.com,1951-12-15,2025-03-25
P00825,Eric,Garcia,Male,United States,eric.garcia783@gmail.com,1954-09-17,2024-08-08
P00826,Robert,Spencer,Male,Canada,robert.spencer833@hotmail.com,2003-09-03,2025-01-05
P00827,Joseph,Campbell,Female,China,joseph.campbell467@gmail.com,1956-11-19,2024-09-08
P00828,Philip,Dunn,Female,Norway,philip.dunn238@gmail.com,1974-02-12,2025-03-26
P00829,Michael,Patterson,Male,South Korea,michael.patterson265@hotmail.com,1960-10-05,2025-05-09
P00830,Colleen,Castillo,Female,Finland,colleen.castillo717@gmail.com,1947-04-30,2025-02-26
P00831,George,Carter,Female,Israel,george.carter465@gmail.com,1946-04-22,2024-09-25
P00832,Kyle,Sanders,Male,Brazil,kyle.sanders487@hotmail.com,1973-12-28,2024-12-25
P00833,Joseph,May,Female,Norway,joseph.may473@yahoo.com,1967-02-01,2025-07-05
P00834,Nicole,Wood,Female,Vietnam,nicole.wood357@yahoo.com,1971-01-17,2025-06-05
P00835,Scott,Baker,Male,Poland,scott.baker106@hotmail.com,1997-08-27,2024-10-26
P00836,Bryan,Goodwin,Male,Israel,bryan.goodwin570@gmail.com,1986-02-13,2025-02-05
P00837,Elizabeth,Morton,Male,Ireland,elizabeth.morton546@hotmail.com,1968-11-19,2024-10-03
P00838,Jeremy,Brown,Female,Singapore,jeremy.brown424@hotmail.com,1967-01-21,2025-01-07
P00839,Robert,Nichols,Male,Saudi Arabia,robert.nichols163@yahoo.com,1999-09-07,2025-05-01
P00840,Ashley,Young,Female,Brazil,ashley.young349@yahoo.com,1961-01-20,2024-12-28
P00841,Raven,Klein,Female,Netherlands,raven.klein581@hotmail.com,1974-11-16,2025-05-17
P00842,Lauren,Byrd,Male,Finland,lauren.byrd679@gmail.com,1982-11-29,2025-03-09
P00843,Stacy,Cole,Male,United Kingdom,stacy.cole954@gmail.com,2005-04-08,2024-09-23
P00844,Teresa,Stokes,Female,Colombia,teresa.stokes607@yahoo.com,1949-04-25,2024-09-01
P00845,Christian,Vega,Female,Israel,christian.vega569@hotmail.com,1954-06-19,2024-10-30
P00846,Dylan,Larson,Female,Finland,dylan.larson316@hotmail.com,1962-06-23,2025-07-13
P00847,Robin,Jones,Male,South Africa,robin.jones112@yahoo.com,1967-02-15,2025-02-05
P00848,Andrea,Gates,Female,Israel,andrea.gates507@gmail.com,1976-01-27,2024-09-15
P00849,Kristin,Dean,Male,Canada,kristin.dean223@yahoo.com,1976-04-07,2024-10-05
P00850,Daniel,Hernandez,Male,United States,daniel.hernandez151@hotmail.com,1979-04-06,2025-06-21
P00851,Katherine,Ayers,Male,New Zealand,katherine.ayers545@hotmail.com,2003-08-18,2024-09-27
P00852,Kimberly,Floyd,Female,South Korea,kimberly.floyd592@yahoo.com,1999-09-21,2025-04-04
P00853,Natalie,Baker,Male,Germany,natalie.baker698@hotmail.com,1985-04-04,2025-01-15
P00854,Chelsea,Johnson,Female,Senegal,chelsea.johnson814@gmail.com,1959-06-18,2025-03-22
P00855,Christine,Becker,Female,Netherlands,christine.becker736@yahoo.com,1968-01-19,2024-09-18
P00856,Pamela,Rivera,Male,Singapore,pamela.rivera9@hotmail.com,1956-11-20,2025-03-08
P00857,Thomas,Adams,Female,Czech Republic,thomas.adams873@yahoo.com,1966-01-22,2024-10-22
P00858,Lisa,Turner,Male,Kenya,lisa.turner923@yahoo.com,1959-10-18,2025-04-03
P00859,Michele,Cohen,Male,Argentina,michele.cohen721@gmail.com,2006-11-11,2024-11-23
P00860,Dennis,Mccann,Female,Colombia,dennis.mccann882@yahoo.com,1970-11-12,2024-11-18
P00861,Joseph,Butler,Male,Hong Kong,joseph.butler443@gmail.com,1984-08-18,2025-04-09
P00862,Scott,Mcintyre,Female,Spain,scott.mcintyre326@yahoo.com,1968-06-02,2024-09-06
P00863,Katherine,Camacho,Female,Mexico,katherine.camacho391@hotmail.com,1996-07-24,2024-09-01
P00864,Lacey,Jones,Male,Switzerland,lacey.jones178@yahoo.com,1988-12-25,2025-01-21
P00865,Derek,York,Male,France,derek.york569@gmail.com,2000-07-11,2024-12-31
P00866,Glenn,Golden,Female,Morocco,glenn.golden158@gmail.com,1954-05-20,2025-02-16
P00867,John,Bryant,Male,Czech Republic,john.bryant12@hotmail.com,2003-02-28,2025-04-06
P00868,James,Richardson,Male,Denmark,james.richardson739@yahoo.com,1972-04-19,2025-07-26
P00869,Cynthia,Martinez,Female,Czech Republic,cynthia.martinez87@yahoo.com,1942-10-24,2024-12-25
P00870,Tracy,Griffin,Female,Nigeria,tracy.griffin916@yahoo.com,2006-01-18,2025-06-22
P00871,Brenda,Bailey,Female,South Korea,brenda.bailey185@yahoo.com,1951-11-08,2024-09-09
P00872,Kaitlyn,Barker,Female,Saudi Arabia,kaitlyn.barker840@yahoo.com,1960-02-13,2025-01-11
P00873,Brandon,Nash,Female,Japan,brandon.nash232@gmail.com,1993-10-05,2025-01-13
P00874,Mercedes,Holland,Female,South Africa,mercedes.holland8@yahoo.com,1986-10-25,2025-05-28
P00875,Denise,Palmer,Female,United Arab Emirates,denise.palmer243@hotmail.com,1999-07-12,2024-11-09
P00876,Alan,Buck,Female,Morocco,alan.buck949@hotmail.com,1984-10-02,2024-09-01
P00877,Lauren,Walker,Female,Austria,lauren.walker39@yahoo.com,1982-02-06,2024-11-25
P00878,Jennifer,Fletcher,Female,Turkey,jennifer.fletcher378@yahoo.com,1959-06-17,2024-11-14
P00879,Melissa,Stevens,Female,Thailand,melissa.stevens82@yahoo.com,1955-07-28,2025-07-05
P00880,Erica,Holloway,Female,Nigeria,erica.holloway530@gmail.com,1967-09-28,2025-06-20
P00881,Adrian,Key,Male,Hong Kong,adrian.key484@yahoo.com,2006-06-15,2025-07-22
P00882,Anna,Wheeler,Male,Taiwan,anna.wheeler649@hotmail.com,1959-12-15,2024-10-13
P00883,Daniel,Brown,Female,South Korea,daniel.brown55@hotmail.com,2007-12-10,2024-11-28
P00884,Mark,Hill,Male,Norway,mark.hill465@hotmail.com,1985-05-08,2025-03-09
P00885,Kent,Hernandez,Female,Senegal,kent.hernandez752@gmail.com,1992-10-14,2024-12-12
P00886,Linda,Lang,Female,Japan,linda.lang984@hotmail.com,1981-07-15,2025-03-15
P00887,Luis,Taylor,Female,Egypt,luis.taylor37@yahoo.com,1942-06-19,2025-04-03
P00888,Whitney,Green,Female,United Arab Emirates,whitney.green804@yahoo.com,1969-03-12,2024-09-10
P00889,Jillian,Aguilar,Female,Belgium,jillian.aguilar645@gmail.com,2008-05-17,2024-11-16
P00890,Matthew,Reeves,Male,Senegal,matthew.reeves53@hotmail.com,1987-05-28,2025-01-01
P00891,Kristen,Knox,Female,United Kingdom,kristen.knox640@hotmail.com,1986-06-03,2024-09-29
P00892,Kevin,Jackson,Female,Philippines,kevin.jackson85@hotmail.com,1985-06-14,2025-08-18
P00893,Howard,Davis,Male,India,howard.davis259@yahoo.com,1949-06-07,2025-06-28
P00894,Jessica,Hansen,Female,India,jessica.hansen879@hotmail.com,2002-10-16,2025-06-25
P00895,Rachel,Pena,Male,United Kingdom,rachel.pena115@gmail.com,1955-11-06,2025-04-22
P00896,Julie,Parker,Male,Singapore,julie.parker757@yahoo.com,1994-04-28,2024-10-26
P00897,Nathan,Richards,Female,Kenya,nathan.richards828@gmail.com,1972-04-08,2025-06-15
P00898,Thomas,Delacruz,Female,Thailand,thomas.delacruz242@hotmail.com,1980-06-01,2025-06-03
P00899,Charles,Preston,Male,Portugal,charles.preston883@hotmail.com,1974-10-07,2024-12-26
P00900,Patrick,Evans,Female,Canada,patrick.evans991@gmail.com,1944-05-29,2025-08-15
P01801,Thomas,Morrison,Female,Poland,thomas.morrison569@yahoo.com,1968-03-27,2025-09-01
P01802,William,Hernandez,Male,China,william.hernandez436@gmail.com,1971-08-25,2025-09-01
P01803,John,Crawford,Male,Malaysia,john.crawford131@gmail.com,1983-06-18,2025-09-01
P01804,Anthony,Rojas,Male,Egypt,anthony.rojas533@yahoo.com,1997-03-12,2025-09-01
P01805,Erika,Stanton,Male,Egypt,erika.stanton203@hotmail.com,1966-10-02,2025-09-01
P01806,Mark,Turner,Female,Colombia,mark.turner40@gmail.com,1983-02-11,2025-09-01
P01807,Donna,Meyer,Female,Philippines,donna.meyer175@yahoo.com,1974-03-15,2025-09-01
P01808,James,Bates,Female,Czech Republic,james.bates767@yahoo.com,1974-01-26,2025-09-01
P01809,Amy,Pacheco,Female,Mexico,amy.pacheco10@gmail.com,1977-06-28,2025-09-01
P01810,Stephanie,Johnson,Female,Colombia,stephanie.johnson446@gmail.com,1970-01-01,2025-09-01
P01811,Patrick,Edwards,Female,United Arab Emirates,patrick.edwards945@yahoo.com,1966-04-29,2025-09-01
P01817,Brian,Baker,Female,Egypt,brian.baker534@yahoo.com,1980-12-03,2025-09-02
P01818,Christina,Gomez,Male,Hong Kong,christina.gomez582@yahoo.com,2007-03-23,2025-09-02
P01825,Misty,Wilson,Female,South Africa,misty.wilson410@hotmail.com,1952-04-11,2025-09-03
P01826,Mark,Murray,Female,Vietnam,mark.murray981@hotmail.com,1999-06-11,2025-09-03
P01827,Zachary,Fisher,Male,Sweden,zachary.fisher602@yahoo.com,1942-02-13,2025-09-03
P01828,Brianna,Odom,Female,Thailand,brianna.odom678@yahoo.com,1966-06-02,2025-09-03
P01829,Marcus,Davis,Female,Kenya,marcus.davis904@hotmail.com,1973-12-10,2025-09-03
P01830,Emily,Rogers,Female,Czech Republic,emily.rogers645@hotmail.com,1974-12-03,2025-09-03
P01831,Matthew,Mendez,Female,United Arab Emirates,matthew.mendez33@yahoo.com,1965-06-10,2025-09-03
P01832,James,Reid,Male,Thailand,james.reid111@gmail.com,2006-12-21,2025-09-03
P01833,Mary,Herrera,Female,Norway,mary.herrera652@gmail.com,1960-04-10,2025-09-03
P01834,Kenneth,Berry,Male,Italy,kenneth.berry667@hotmail.com,1995-06-12,2025-09-03
P01841,Shawn,Hines,Male,Finland,shawn.hines700@gmail.com,1953-01-05,2025-09-04
P01842,Courtney,Black,Female,Germany,courtney.black947@yahoo.com,1953-06-02,2025-09-04
P01843,Jason,Hayden,Male,Australia,jason.hayden121@yahoo.com,1991-03-16,2025-09-04
P01844,Joseph,Little,Male,Spain,joseph.little624@yahoo.com,1995-09-28,2025-09-04
P01845,Sarah,Barber,Female,Germany,sarah.barber96@gmail.com,1944-10-21,2025-09-04
P01846,Michael,Hernandez,Female,Argentina,michael.hernandez23@hotmail.com,1950-12-19,2025-09-04
P01847,Kathy,Richard,Female,Czech Republic,kathy.richard206@gmail.com,1968-08-18,2025-09-04
P01848,Cynthia,Singleton,Male,Switzerland,cynthia.singleton971@yahoo.com,1958-11-19,2025-09-04
P01857,Kimberly,Brown,Female,Hungary,kimberly.brown648@yahoo.com,2001-09-11,2025-09-05
P01869,Holly,Rodriguez,Male,Canada,holly.rodriguez45@yahoo.com,1977-11-04,2025-09-06
P01870,Felicia,Richmond,Male,Mexico,felicia.richmond653@gmail.com,2000-07-14,2025-09-06
P01871,Michael,Baldwin,Female,Norway,michael.baldwin300@gmail.com,1996-08-02,2025-09-06
P01872,Deanna,Stein,Male,Argentina,deanna.stein609@hotmail.com,1943-02-06,2025-09-06
P01873,Eileen,Everett,Female,Belgium,eileen.everett65@hotmail.com,1987-09-13,2025-09-06
P01874,John,Tran,Male,Czech Republic,john.tran380@hotmail.com,1961-10-06,2025-09-06
P01875,Michael,Burnett,Female,Malaysia,michael.burnett762@gmail.com,1949-01-12,2025-09-06
P01882,Jillian,House,Female,Thailand,jillian.house788@yahoo.com,1963-05-11,2025-09-07
P01883,Nancy,Wilkins,Male,Austria,nancy.wilkins582@hotmail.com,1996-10-16,2025-09-07
P01884,Jose,Jones,Male,Australia,jose.jones156@hotmail.com,1969-05-09,2025-09-07
P01885,Lisa,Rojas,Male,Argentina,lisa.rojas41@gmail.com,1971-07-22,2025-09-07
P01886,Kathleen,Davidson,Male,Germany,kathleen.davidson918@yahoo.com,1953-03-24,2025-09-07
P01887,Krystal,Taylor,Male,United Kingdom,krystal.taylor429@hotmail.com,1967-12-24,2025-09-07
P01892,Jorge,Mcdaniel,Female,Colombia,jorge.mcdaniel330@yahoo.com,1996-12-14,2025-09-08
P01893,James,Perry,Male,Poland,james.perry823@yahoo.com,1953-02-06,2025-09-08
P01894,Shirley,Wilkerson,Female,Spain,shirley.wilkerson127@gmail.com,1955-12-31,2025-09-08
P01895,Sandra,Holland,Male,Thailand,sandra.holland65@gmail.com,1983-05-06,2025-09-08
P01896,Terri,Gonzalez,Female,Australia,terri.gonzalez681@gmail.com,1988-06-02,2025-09-08
P01904,Carol,Carney,Male,France,carol.carney203@hotmail.com,1959-12-23,2025-09-09
P01905,Robert,Ortiz,Female,Australia,robert.ortiz648@yahoo.com,1950-08-28,2025-09-10
P01906,Theresa,Young,Female,Mexico,theresa.young315@gmail.com,1971-05-26,2025-09-10
P01907,Mike,Sutton,Male,Czech Republic,mike.sutton899@gmail.com,1971-11-21,2025-09-10
P01908,Taylor,Savage,Male,Belgium,taylor.savage524@yahoo.com,2006-12-29,2025-09-10
P01909,Gloria,Reeves,Female,Argentina,gloria.reeves823@hotmail.com,1988-11-27,2025-09-10
P01910,Carla,Jones,Male,Italy,carla.jones512@gmail.com,1978-08-11,2025-09-10
P01911,Marvin,Young,Male,Philippines,marvin.young957@hotmail.com,2002-06-29,2025-09-10
P01912,Sheila,Coffey,Female,Argentina,sheila.coffey784@hotmail.com,1981-05-31,2025-09-10
P01913,Lisa,Smith,Female,Thailand,lisa.smith254@yahoo.com,1975-01-16,2025-09-10
P01914,Kevin,Foster,Female,Egypt,kevin.foster157@hotmail.com,1965-12-15,2025-09-10
